Date,Adj Close,Periodic Daily return =  =LN(B3/B2),,Adj Close
11/18/2004,44.380001,-0.008972649,,44.380001
11/19/2004,44.779999,-0.003789194,Average = =AVERAGE(C:C),44.779999
11/22/2004,44.950001,0.004459338,-0.000455001,44.950001
11/23/2004,44.75,-0.006681517,,44.75
11/24/2004,45.049999,-0.005313318,Variance = =VAR.P(C:C),45.049999
11/26/2004,45.290001,-0.002425869,0.000173613,45.290001
11/29/2004,45.400002,0.006186564,Stdev = =STDEV.P(C:C),45.400002
11/30/2004,45.119999,-0.005745916,0.013176247,45.119999
12/01/04,45.380001,0.009520718,drift=average - variance/2,45.380001
12/02/04,44.950001,-0.014356889,-0.000541808,44.950001
12/03/04,45.599998,0.009474567,,45.599998
12/06/04,45.169998,0.001329132,,45.169998
12/07/04,45.110001,0.024687138,,45.110001
12/08/04,44.009998,0.005239766,,44.009998
12/09/04,43.779999,0.007796417,,43.779999
12/10/04,43.439999,-0.010761432,,43.439999
12/13/2004,43.91,0.008232404,,43.91
12/14/2004,43.549999,-0.0100527,,43.549999
12/15/2004,43.990002,0.007072049,,43.990002
12/16/2004,43.68,-0.011608165,,43.68
12/17/2004,44.189999,-0.003388708,,44.189999
12/20/2004,44.34,0.002710006,,44.34
12/21/2004,44.220001,0.004533122,,44.220001
12/22/2004,44.02,-0.005663171,,44.02
12/23/2004,44.27,-0.004732403,,44.27
12/27/2004,44.48,0.002476107,,44.48
12/28/2004,44.369999,0.016131192,,44.369999
12/29/2004,43.66,-0.003886209,,43.66
12/30/2004,43.830002,0.000684766,,43.830002
12/31/2004,43.799999,0.017968671,,43.799999
01/03/05,43.02,0.006529827,,43.02
01/04/05,42.740002,0.001639246,,42.740002
01/05/05,42.669998,0.012261318,,42.669998
01/06/05,42.150002,0.007381912,,42.150002
01/07/05,41.84,-0.002625637,,41.84
01/10/05,41.950001,-0.006178679,,41.950001
01/11/05,42.209999,-0.00919707,,42.209999
01/12/05,42.599998,0,,42.599998
1/13/2005,42.599998,0.006594419,,42.599998
1/14/2005,42.32,0,,42.32
1/18/2005,42.32,0.001418823,,42.32
1/19/2005,42.259998,0.000236611,,42.259998
1/20/2005,42.25,-0.011530943,,42.25
1/21/2005,42.740002,-0.000701626,,42.740002
1/24/2005,42.77,0.012469235,,42.77
1/25/2005,42.240002,-0.010596991,,42.240002
1/26/2005,42.689999,0.001641074,,42.689999
1/27/2005,42.619999,-0.001641074,,42.619999
1/28/2005,42.689999,0.011070611,,42.689999
1/31/2005,42.220001,0.002846373,,42.220001
02/01/05,42.099998,-0.001424211,,42.099998
02/02/05,42.16,0.011450507,,42.16
02/03/05,41.68,0.005051099,,41.68
02/04/05,41.470001,0.004834455,,41.470001
02/07/05,41.27,0.000242385,,41.27
02/08/05,41.259998,-0.001211166,,41.259998
02/09/05,41.310001,-0.010594826,,41.310001
02/10/05,41.75,-0.007873165,,41.75
02/11/05,42.080002,-0.011107216,,42.080002
2/14/2005,42.549999,-0.000704875,,42.549999
2/15/2005,42.580002,0.001410153,,42.580002
2/16/2005,42.52,-0.004926696,,42.52
2/17/2005,42.73,-0.000467946,,42.73
2/18/2005,42.75,-0.018999645,,42.75
2/22/2005,43.57,0.003448722,,43.57
2/23/2005,43.419998,0.002074836,,43.419998
2/24/2005,43.330002,-0.003915656,,43.330002
2/25/2005,43.5,-0.000689394,,43.5
2/28/2005,43.529999,0.007146958,,43.529999
03/01/05,43.220001,-0.000693859,,43.220001
03/02/05,43.25,0.006495012,,43.25
03/03/05,42.970001,-0.009496307,,42.970001
03/04/05,43.380001,-0.00207254,,43.380001
03/07/05,43.470001,-0.012800129,,43.470001
03/08/05,44.029999,0.000227121,,44.029999
03/09/05,44.02,-0.004080736,,44.02
03/10/05,44.200001,-0.005190105,,44.200001
03/11/05,44.43,0.00904372,,44.43
3/14/2005,44.029999,-0.000681167,,44.029999
3/15/2005,44.060001,-0.005658044,,44.060001
3/16/2005,44.310001,0.011120074,,44.310001
3/17/2005,43.82,-0.001596147,,43.82
3/18/2005,43.889999,0.018395529,,43.889999
3/21/2005,43.09,0.010263631,,43.09
3/22/2005,42.650002,0.005407419,,42.650002
3/23/2005,42.419998,0.00070744,,42.419998
3/24/2005,42.389999,-0.003532372,,42.389999
3/28/2005,42.540001,-0.000470035,,42.540001
3/29/2005,42.560001,-0.001174122,,42.560001
3/30/2005,42.610001,-0.004916292,,42.610001
3/31/2005,42.82,0.00468168,,42.82
04/01/05,42.619999,0.005175194,,42.619999
04/04/05,42.400002,-0.001178527,,42.400002
04/05/05,42.450001,-0.004231318,,42.450001
04/06/05,42.630001,0.001408474,,42.630001
04/07/05,42.57,-0.002814898,,42.57
04/08/05,42.689999,-0.002106003,,42.689999
04/11/05,42.779999,-0.001401565,,42.779999
04/12/05,42.84,-0.001399627,,42.84
4/13/2005,42.900002,0.013848384,,42.900002
4/14/2005,42.310001,-0.002124921,,42.310001
4/15/2005,42.400002,-0.006816268,,42.400002
4/18/2005,42.689999,-0.013725934,,42.689999
4/19/2005,43.279999,-0.002768876,,43.279999
4/20/2005,43.400002,0.004850523,,43.400002
4/21/2005,43.189999,-0.004620013,,43.189999
4/22/2005,43.389999,-0.001151676,,43.389999
4/25/2005,43.439999,-0.004593485,,43.439999
4/26/2005,43.639999,0.01013362,,43.639999
4/27/2005,43.200001,0.004640403,,43.200001
4/28/2005,43,-0.008106541,,43
4/29/2005,43.349998,0.010901117,,43.349998
05/02/05,42.880001,0.002802501,,42.880001
05/03/05,42.759998,-0.003268833,,42.759998
05/04/05,42.900002,-0.000233026,,42.900002
05/05/05,42.91,0.009130346,,42.91
05/06/05,42.52,-0.000705278,,42.52
05/09/05,42.549999,-0.002112925,,42.549999
05/10/05,42.639999,-0.001171921,,42.639999
05/11/05,42.689999,0.012492773,,42.689999
05/12/05,42.16,0.004993447,,42.16
5/13/2005,41.950001,0.001670047,,41.950001
5/16/2005,41.880001,0.000477669,,41.880001
5/17/2005,41.860001,-0.004528622,,41.860001
5/18/2005,42.049999,0.001666048,,42.049999
5/19/2005,41.98,0.007891898,,41.98
5/20/2005,41.650002,0.00072062,,41.650002
5/23/2005,41.619999,-0.002639498,,41.619999
5/24/2005,41.73,-0.003349262,,41.73
5/25/2005,41.869999,0.004308288,,41.869999
5/26/2005,41.689999,-0.004547142,,41.689999
5/27/2005,41.880001,0.005506993,,41.880001
5/31/2005,41.650002,0.002885383,,41.650002
06/01/05,41.529999,-0.01363166,,41.529999
06/02/05,42.099998,-0.001661327,,42.099998
06/03/05,42.169998,-0.007324357,,42.169998
06/06/05,42.48,0.0023568,,42.48
06/07/05,42.380001,0.000944311,,42.380001
06/08/05,42.34,0.001654651,,42.34
06/09/05,42.27,-0.008245989,,42.27
06/10/05,42.619999,-0.003747077,,42.619999
6/13/2005,42.779999,0.004216474,,42.779999
6/14/2005,42.599998,-0.00328109,,42.599998
6/15/2005,42.740002,-0.016705655,,42.740002
6/16/2005,43.459999,-0.003904058,,43.459999
6/17/2005,43.630001,-0.000687341,,43.630001
6/20/2005,43.66,-0.003429774,,43.66
6/21/2005,43.810001,0.002056438,,43.810001
6/22/2005,43.720001,-0.00683839,,43.720001
6/23/2005,44.02,0.00272971,,44.02
6/24/2005,43.900002,-0.000227719,,43.900002
6/27/2005,43.91,0.01053121,,43.91
6/28/2005,43.450001,-0.004134135,,43.450001
6/29/2005,43.630001,0.004364357,,43.630001
6/30/2005,43.439999,0.017181709,,43.439999
07/01/05,42.700001,0.009884806,,42.700001
07/05/05,42.279999,0.000709784,,42.279999
07/06/05,42.25,-0.002600191,,42.25
07/07/05,42.360001,0.002363579,,42.360001
07/08/05,42.259998,-0.006603868,,42.259998
07/11/05,42.540001,-0.002347923,,42.540001
07/12/05,42.639999,0.006824383,,42.639999
7/13/2005,42.349998,0.010682499,,42.349998
7/14/2005,41.900002,-0.003573488,,41.900002
7/15/2005,42.049999,0.000951725,,42.049999
7/18/2005,42.009998,0.002860526,,42.009998
7/19/2005,41.889999,-0.007373134,,41.889999
7/20/2005,42.200001,-0.006142188,,42.200001
7/21/2005,42.459999,0.000235496,,42.459999
7/22/2005,42.450001,-0.001412359,,42.450001
7/25/2005,42.509998,0.006134942,,42.509998
7/26/2005,42.25,-0.004486936,,42.25
7/27/2005,42.439999,-0.007277905,,42.439999
7/28/2005,42.75,-0.001636088,,42.75
7/29/2005,42.82,-0.007213551,,42.82
08/01/05,43.130001,-0.000231784,,43.130001
08/02/05,43.139999,-0.008999715,,43.139999
08/03/05,43.529999,-0.003439999,,43.529999
08/04/05,43.68,0.001833227,,43.68
08/05/05,43.599998,0.005750447,,43.599998
08/08/05,43.349998,0.000230661,,43.349998
08/09/05,43.34,-0.007127332,,43.34
08/10/05,43.650002,-0.018161656,,43.650002
08/11/05,44.450001,-0.000899505,,44.450001
08/12/05,44.490002,0.008124644,,44.490002
8/15/2005,44.130001,-0.009472286,,44.130001
8/16/2005,44.549999,0.014470047,,44.549999
8/17/2005,43.91,0.001823525,,43.91
8/18/2005,43.830002,0.005261456,,43.830002
8/19/2005,43.599998,-0.002291021,,43.599998
8/22/2005,43.700001,-0.001371987,,43.700001
8/23/2005,43.759998,0.003892346,,43.759998
8/24/2005,43.59,-0.003206599,,43.59
8/25/2005,43.73,0.002747861,,43.73
8/26/2005,43.610001,0.000917665,,43.610001
8/29/2005,43.57,0.01293624,,43.57
8/30/2005,43.009998,-0.009026887,,43.009998
8/31/2005,43.400002,-0.018717711,,43.400002
09/01/05,44.220001,-0.000678173,,44.220001
09/02/05,44.25,-0.000451875,,44.25
09/06/05,44.27,-0.001354447,,44.27
09/07/05,44.330002,-0.00607212,,44.330002
09/08/05,44.599998,-0.005366784,,44.599998
09/09/05,44.84,-0.001114432,,44.84
09/12/05,44.889999,0.007378412,,44.889999
9/13/2005,44.560001,-0.008936565,,44.560001
9/14/2005,44.959999,-0.010179309,,44.959999
9/15/2005,45.419998,-0.008768184,,45.419998
9/16/2005,45.82,-0.009340787,,45.82
9/19/2005,46.25,0.000432526,,46.25
9/20/2005,46.23,-0.017794467,,46.23
9/21/2005,47.060001,0.014986365,,47.060001
9/22/2005,46.360001,0.001727159,,46.360001
9/23/2005,46.279999,-0.006246676,,46.279999
9/26/2005,46.57,0.006895093,,46.57
9/27/2005,46.25,-0.011821718,,46.25
9/28/2005,46.799999,-0.006389777,,46.799999
9/29/2005,47.099998,0.008528772,,47.099998
9/30/2005,46.700001,0.006013828,,46.700001
10/03/05,46.419998,-0.000646129,,46.419998
10/04/05,46.450001,0.001939447,,46.450001
10/05/05,46.360001,-0.018168673,,46.360001
10/06/05,47.209999,-0.003172298,,47.209999
10/07/05,47.360001,-0.000211084,,47.360001
10/10/05,47.369999,-0.000422119,,47.369999
10/11/05,47.389999,0.011460249,,47.389999
10/12/05,46.849998,-0.003622077,,46.849998
10/13/2005,47.02,0.004689862,,47.02
10/14/2005,46.799999,-0.009781048,,46.799999
10/17/2005,47.259998,0.005516628,,47.259998
10/18/2005,47,0.014142083,,47
10/19/2005,46.34,0.007799,,46.34
10/20/2005,45.98,-0.011675808,,45.98
10/21/2005,46.52,0.00279843,,46.52
10/24/2005,46.389999,-0.014339507,,46.389999
10/25/2005,47.060001,0.002766275,,47.060001
10/26/2005,46.93,-0.005312944,,46.93
10/27/2005,47.18,-0.000847479,,47.18
10/28/2005,47.220001,0.01751805,,47.220001
10/31/2005,46.400002,0.014544965,,46.400002
11/01/05,45.73,-0.008708982,,45.73
11/02/05,46.130001,0.003692088,,46.130001
11/03/05,45.959999,0.009839393,,45.959999
11/04/05,45.509998,-0.005696817,,45.509998
11/07/05,45.77,-0.003054104,,45.77
11/08/05,45.91,-0.014058867,,45.91
11/09/05,46.560001,0.001719712,,46.560001
11/10/05,46.48,-0.006861069,,46.48
11/11/05,46.799999,0.003853569,,46.799999
11/14/2005,46.619999,-0.000857654,,46.619999
11/15/2005,46.66,-0.023719854,,46.66
11/16/2005,47.779999,-0.014544221,,47.779999
11/17/2005,48.48,0.000412647,,48.48
11/18/2005,48.459999,-0.010877542,,48.459999
11/21/2005,48.990002,-0.006713442,,48.990002
11/22/2005,49.32,0.003452791,,49.32
11/23/2005,49.150002,-0.005478273,,49.150002
11/25/2005,49.419998,-0.006454318,,49.419998
11/28/2005,49.740002,-0.001205485,,49.740002
11/29/2005,49.799999,0.01415597,,49.799999
11/30/2005,49.099998,-0.021558205,,49.099998
12/01/05,50.169998,-0.002985414,,50.169998
12/02/05,50.32,-0.009099944,,50.32
12/05/05,50.779999,-0.002163864,,50.779999
12/06/05,50.889999,-0.008414119,,50.889999
12/07/05,51.32,-0.011238289,,51.32
12/08/05,51.900002,-0.009587801,,51.900002
12/09/05,52.400002,-0.003048764,,52.400002
12/12/05,52.560001,0.017465159,,52.560001
12/13/2005,51.650002,0.025491655,,51.650002
12/14/2005,50.349998,0.002187017,,50.349998
12/15/2005,50.240002,0.002990175,,50.240002
12/16/2005,50.09,-0.002591986,,50.09
12/19/2005,50.220001,0.023777062,,50.220001
12/20/2005,49.040001,-0.00670662,,49.040001
12/21/2005,49.369999,-0.015476141,,49.369999
12/22/2005,50.139999,0.000398963,,50.139999
12/23/2005,50.119999,-0.010321648,,50.119999
12/27/2005,50.639999,-0.016257375,,50.639999
12/28/2005,51.470001,0,,51.470001
12/29/2005,51.470001,-0.002134906,,51.470001
12/30/2005,51.580002,-0.029419447,,51.580002
01/03/06,53.119999,-0.003382826,,53.119999
01/04/06,53.299999,0.018175415,,53.299999
01/05/06,52.34,-0.026024493,,52.34
01/06/06,53.720001,-0.016248456,,53.720001
01/09/06,54.599998,0.009939287,,54.599998
01/10/06,54.060001,-0.008656431,,54.060001
01/11/06,54.529999,0.001835518,,54.529999
01/12/06,54.43,-0.018385864,,54.43
1/13/2006,55.439999,0.003252054,,55.439999
1/17/2006,55.259998,0.02176978,,55.259998
1/18/2006,54.07,-0.027723826,,54.07
1/19/2006,55.59,0.007040358,,55.59
1/20/2006,55.200001,-0.010273119,,55.200001
1/23/2006,55.77,0.000717489,,55.77
1/24/2006,55.73,-0.007329952,,55.73
1/25/2006,56.139999,0.004642001,,56.139999
1/26/2006,55.880001,0.00448391,,55.880001
1/27/2006,55.630001,-0.018698773,,55.630001
1/30/2006,56.68,-0.000352814,,56.68
1/31/2006,56.700001,0,,56.700001
02/01/06,56.700001,-0.004926101,,56.700001
02/02/06,56.98,0.008459691,,56.98
02/03/06,56.5,-0.003886262,,56.5
02/06/06,56.720001,0.038093054,,56.720001
02/07/06,54.599998,-0.00420368,,54.599998
02/08/06,54.830002,-0.024323296,,54.830002
02/09/06,56.18,0.025053108,,56.18
02/10/06,54.790001,0.019722324,,54.790001
2/13/2006,53.720001,-0.014231845,,53.720001
2/14/2006,54.490002,0.013487576,,54.490002
2/15/2006,53.759998,-0.014037948,,53.759998
2/16/2006,54.52,-0.008038023,,54.52
2/17/2006,54.959999,-0.002906979,,54.959999
2/21/2006,55.119999,-0.003983366,,55.119999
2/22/2006,55.34,0.012729777,,55.34
2/23/2006,54.639999,-0.018136152,,54.639999
2/24/2006,55.639999,0.007577124,,55.639999
2/27/2006,55.220001,-0.015275686,,55.220001
2/28/2006,56.07,-0.000534867,,56.07
03/01/06,56.099998,-0.011343688,,56.099998
03/02/06,56.740002,0.00814025,,56.740002
03/03/06,56.279999,0.018832931,,56.279999
03/06/06,55.23,0.005082585,,55.23
03/07/06,54.950001,0.017995344,,54.950001
03/08/06,53.970001,-0.004990325,,53.970001
03/09/06,54.240002,0.007587711,,54.240002
03/10/06,53.830002,-0.008877421,,53.830002
3/13/2006,54.310001,-0.010258342,,54.310001
3/14/2006,54.869999,-0.004545876,,54.869999
3/15/2006,55.119999,-0.003983366,,55.119999
3/16/2006,55.34,0.003983366,,55.34
3/17/2006,55.119999,-0.000906682,,55.119999
3/20/2006,55.169998,0.006181765,,55.169998
3/21/2006,54.830002,0.001460157,,54.830002
3/22/2006,54.75,0.000913641,,54.75
3/23/2006,54.700001,-0.018295918,,54.700001
3/24/2006,55.709999,-0.012132174,,55.709999
3/27/2006,56.389999,0.005869257,,56.389999
3/28/2006,56.060001,-0.017856021,,56.060001
3/29/2006,57.07,-0.026456078,,57.07
3/30/2006,58.599998,0.008569033,,58.599998
3/31/2006,58.099998,-0.00634819,,58.099998
04/03/06,58.470001,0.002397244,,58.470001
04/04/06,58.330002,-0.005641488,,58.330002
04/05/06,58.66,-0.010513901,,58.66
04/06/06,59.279999,0.011707931,,59.279999
04/07/06,58.59,-0.017091507,,58.59
04/10/06,59.599998,0.009948653,,59.599998
04/11/06,59.009998,-0.007092262,,59.009998
04/12/06,59.43,-0.001177163,,59.43
4/13/2006,59.5,-0.026371874,,59.5
4/17/2006,61.09,-0.01236388,,61.09
4/18/2006,61.849998,-0.030257118,,61.849998
4/19/2006,63.75,0.044751289,,63.75
4/20/2006,60.959999,-0.036086422,,60.959999
4/21/2006,63.200001,0.024831055,,63.200001
4/24/2006,61.650002,-0.018163273,,61.650002
4/25/2006,62.779999,-0.013762821,,62.779999
4/26/2006,63.650002,0.010899768,,63.650002
4/27/2006,62.959999,-0.033271278,,62.959999
4/28/2006,65.089996,-0.001074979,,65.089996
05/01/06,65.160004,-0.021107745,,65.160004
05/02/06,66.550003,0.001353342,,66.550003
05/03/06,66.459999,-0.015231054,,66.459999
05/04/06,67.480003,-0.007529304,,67.480003
05/05/06,67.989998,0.006344544,,67.989998
05/08/06,67.559998,-0.03089727,,67.559998
05/09/06,69.68,-0.009995757,,69.68
05/10/06,70.379997,-0.00919322,,70.379997
05/11/06,71.029999,-0.001266324,,71.029999
05/12/06,71.120003,0.053575199,,71.120003
5/15/2006,67.410004,-0.017644877,,67.410004
5/16/2006,68.610001,0.006727124,,68.610001
5/17/2006,68.150002,0.010176373,,68.150002
5/18/2006,67.459999,0.028264013,,67.459999
5/19/2006,65.580002,0.00427872,,65.580002
5/22/2006,65.300003,-0.016403679,,65.300003
5/23/2006,66.379997,0.035575648,,66.379997
5/24/2006,64.059998,-0.009941042,,64.059998
5/25/2006,64.699997,-0.006163363,,64.699997
5/26/2006,65.099998,-0.000153644,,65.099998
5/30/2006,65.110001,0.013607725,,65.110001
5/31/2006,64.230003,0.026344326,,64.230003
06/01/06,62.560001,-0.014913794,,62.560001
06/02/06,63.5,0.003312551,,63.5
06/05/06,63.290001,0.011761134,,63.290001
06/06/06,62.549999,0.00432589,,62.549999
06/07/06,62.279999,0.022242966,,62.279999
06/08/06,60.91,0.007580771,,60.91
06/09/06,60.450001,0.006972173,,60.450001
06/12/06,60.029999,0.070922358,,60.029999
6/13/2006,55.919998,0.005379231,,55.919998
6/14/2006,55.619999,-0.030106772,,55.619999
6/15/2006,57.32,-0.00626089,,57.32
6/16/2006,57.68,0.023150788,,57.68
6/19/2006,56.360001,-0.016540901,,56.360001
6/20/2006,57.299999,-0.017815969,,57.299999
6/21/2006,58.330002,0.010339606,,58.330002
6/22/2006,57.73,-0.004493647,,57.73
6/23/2006,57.990002,-0.004988348,,57.990002
6/26/2006,58.279999,0.010348471,,58.279999
6/27/2006,57.68,0.002430117,,57.68
6/28/2006,57.540001,-0.033832015,,57.540001
6/29/2006,59.52,-0.028324875,,59.52
6/30/2006,61.23,-0.015396139,,61.23
07/03/06,62.18,-0.005133152,,62.18
07/05/06,62.5,-0.00828558,,62.5
07/06/06,63.02,0.006207724,,63.02
07/07/06,62.630001,0.009787499,,62.630001
07/10/06,62.02,-0.02845302,,62.02
07/11/06,63.810001,-0.017245778,,63.810001
07/12/06,64.919998,-0.009657544,,64.919998
7/13/2006,65.550003,-0.004566142,,65.550003
7/14/2006,65.849998,0.029277854,,65.849998
7/17/2006,63.950001,0.016555348,,63.950001
7/18/2006,62.900002,-0.017805512,,62.900002
7/19/2006,64.029999,0.02354534,,64.029999
7/20/2006,62.540001,0.013360392,,62.540001
7/21/2006,61.709999,0.009279676,,61.709999
7/24/2006,61.139999,-0.006683536,,61.139999
7/25/2006,61.549999,-0.007284549,,61.549999
7/26/2006,62,-0.01441181,,62
7/27/2006,62.900002,-0.003333056,,62.900002
7/28/2006,63.110001,-0.000791938,,63.110001
7/31/2006,63.16,-0.018199435,,63.16
08/01/06,64.32,-0.006663076,,64.32
08/02/06,64.75,0.009777326,,64.75
08/03/06,64.120003,-0.002492151,,64.120003
08/04/06,64.279999,-0.003416698,,64.279999
08/07/06,64.5,0.008250985,,64.5
08/08/06,63.970001,-0.010264414,,63.970001
08/09/06,64.629997,0.021583525,,64.629997
08/10/06,63.25,0.008574219,,63.25
08/11/06,62.709999,0.007362373,,62.709999
8/14/2006,62.25,0.003862905,,62.25
8/15/2006,62.009998,-0.007710946,,62.009998
8/16/2006,62.490002,0.023641046,,62.490002
8/17/2006,61.029999,-0.000163873,,61.029999
8/18/2006,61.040001,-0.022676676,,61.040001
8/21/2006,62.439999,0.006265584,,62.439999
8/22/2006,62.049999,0.00355178,,62.049999
8/23/2006,61.830002,0.00129474,,61.830002
8/24/2006,61.75,-0.000323834,,61.75
8/25/2006,61.77,0.012543946,,61.77
8/28/2006,61,0.000984107,,61
8/29/2006,60.939999,-0.007845725,,60.939999
8/30/2006,61.419998,-0.014065433,,61.419998
8/31/2006,62.290001,0.002411027,,62.290001
09/01/06,62.139999,-0.019442875,,62.139999
09/05/06,63.360001,0.007922716,,63.360001
09/06/06,62.860001,0.025946198,,62.860001
09/07/06,61.25,0.010009125,,61.25
09/08/06,60.639999,0.035927971,,60.639999
09/11/06,58.5,0.003081667,,58.5
09/12/06,58.32,-0.005130831,,58.32
9/13/2006,58.619999,0.024696878,,58.619999
9/14/2006,57.189999,-0.003665298,,57.189999
9/15/2006,57.400002,-0.014356348,,57.400002
9/18/2006,58.23,0.022753948,,58.23
9/19/2006,56.919998,-0.005955527,,56.919998
9/20/2006,57.259998,-0.011978322,,57.259998
9/21/2006,57.950001,-0.009446167,,57.950001
9/22/2006,58.5,0,,58.5
9/25/2006,58.5,-0.004094206,,58.5
9/26/2006,58.740002,-0.018051928,,58.740002
9/27/2006,59.810001,0.000334448,,59.810001
9/28/2006,59.790001,0.005366439,,59.790001
9/29/2006,59.470001,0.005395376,,59.470001
10/02/06,59.150002,0.035097374,,59.150002
10/03/06,57.110001,0.013042166,,57.110001
10/04/06,56.369999,-0.009709654,,56.369999
10/05/06,56.919998,-0.001229111,,56.919998
10/06/06,56.990002,-0.003678067,,56.990002
10/09/06,57.200001,0.003502648,,57.200001
10/10/06,57,0.002107465,,57
10/11/06,56.880001,-0.010667251,,56.880001
10/12/06,57.490002,-0.018611566,,57.490002
10/13/2006,58.57,-0.010192003,,58.57
10/16/2006,59.169998,0.008827014,3,59.169998
10/17/2006,58.650002,0.001023576,,58.650002
10/18/2006,58.59,-0.013898529,,58.59
10/19/2006,59.41,0.010660918,,59.41
10/20/2006,58.779999,0.017505184,,58.779999
10/23/2006,57.759998,-0.007073264,,57.759998
10/24/2006,58.169998,-0.010091594,,58.169998
10/25/2006,58.759998,-0.008979357,,58.759998
10/26/2006,59.290001,-0.001853585,,59.290001
10/27/2006,59.400002,-0.008382278,,59.400002
10/30/2006,59.900002,-0.005660078,,59.900002
10/31/2006,60.240002,-0.018421557,,60.240002
11/01/06,61.360001,-0.009085024,,61.360001
11/02/06,61.919998,-0.006118213,,61.919998
11/03/06,62.299999,0.00660281,,62.299999
11/06/06,61.889999,-0.002420755,,61.889999
11/07/06,62.040001,0.015103819,,62.040001
11/08/06,61.110001,-0.029665241,,61.110001
11/09/06,62.950001,0.0073342,,62.950001
11/10/06,62.490002,0.004812377,,62.490002
11/13/2006,62.189999,0.009045418,,62.189999
11/14/2006,61.630001,-0.003401623,,61.630001
11/15/2006,61.84,0.008607426,,61.84
11/16/2006,61.310001,-0.007636693,,61.310001
11/17/2006,61.779999,0.000161862,,61.779999
11/20/2006,61.77,-0.008061959,,61.77
11/21/2006,62.27,-0.003686788,,62.27
11/22/2006,62.5,-0.015873349,,62.5
11/24/2006,63.5,-0.003144672,,63.5
11/27/2006,63.700001,0.002042917,,63.700001
11/28/2006,63.57,0.006470472,,63.57
11/29/2006,63.16,-0.019287137,,63.16
11/30/2006,64.389999,0.004201951,,64.389999
12/01/06,64.120003,0,,64.120003
12/04/06,64.120003,0.004846441,,64.120003
12/05/06,63.810001,0.017708004,,63.810001
12/06/06,62.689999,-0.000637873,,62.689999
12/07/06,62.73,0.010899307,,62.73
12/08/06,62.049999,-0.008345434,,62.049999
12/11/06,62.57,0.000799424,,62.57
12/12/06,62.52,0.00064,,62.52
12/13/2006,62.48,0.005778523,,62.48
12/14/2006,62.119999,0.018194118,,62.119999
12/15/2006,61,-0.000655539,,61
12/18/2006,61.040001,-0.012373945,,61.040001
12/19/2006,61.799999,0.002916871,,61.799999
12/20/2006,61.619999,0.003902411,,61.619999
12/21/2006,61.380001,-0.004389197,,61.380001
12/22/2006,61.650002,-0.00533849,,61.650002
12/26/2006,61.98,-0.003864755,,61.98
12/27/2006,62.220001,-0.010869688,,62.220001
12/28/2006,62.900002,-0.004916305,,62.900002
12/29/2006,63.209999,0.01482217,,63.209999
01/03/07,62.279999,0.010167069,,62.279999
01/04/07,61.650002,0.024299406,,61.650002
01/05/07,60.169998,-0.005138876,,60.169998
01/08/07,60.48,-0.006099055,,60.48
01/09/07,60.849998,0.004281924,,60.849998
01/10/07,60.59,-0.000659974,,60.59
01/11/07,60.630001,-0.0250827,,60.630001
01/12/07,62.169998,0.003222123,,62.169998
1/16/2007,61.970001,-0.010753623,,61.970001
1/17/2007,62.639999,0.006084903,,62.639999
1/18/2007,62.259998,-0.011815594,,62.259998
1/19/2007,63,0.004454334,,63
1/22/2007,62.720001,-0.023790046,,62.720001
1/23/2007,64.230003,-0.001555679,,64.230003
1/24/2007,64.330002,0.004206004,,64.330002
1/25/2007,64.059998,-0.001715668,,64.059998
1/26/2007,64.169998,0.00625292,,64.169998
1/29/2007,63.77,-0.007031844,,63.77
1/30/2007,64.220001,-0.009453786,,64.220001
1/31/2007,64.830002,-0.005997696,,64.830002
02/01/07,65.220001,0.01451766,,65.220001
02/02/07,64.279999,-0.000466584,,64.279999
02/05/07,64.309998,-0.007436177,,64.309998
02/06/07,64.790001,0.002472633,,64.790001
02/07/07,64.629997,-0.013676741,,64.629997
02/08/07,65.519997,-0.009115925,,65.519997
02/09/07,66.120003,0.006829149,,66.120003
02/12/07,65.669998,-0.002585326,,65.669998
2/13/2007,65.839996,-0.008017697,,65.839996
2/14/2007,66.370003,-0.000602515,,66.370003
2/15/2007,66.410004,0.000753227,,66.410004
2/16/2007,66.360001,0.015949347,,66.360001
2/20/2007,65.309998,-0.03075774,,65.309998
2/21/2007,67.349998,0.00297392,,67.349998
2/22/2007,67.150002,-0.008452619,,67.150002
2/23/2007,67.720001,-0.005595612,,67.720001
2/26/2007,68.099998,0.040301971,,68.099998
2/27/2007,65.410004,-0.016225983,,65.410004
2/28/2007,66.480003,0.009977452,,66.480003
03/01/07,65.82,0.032582223,,65.82
03/02/07,63.709999,0.012318523,,63.709999
03/05/07,62.93,-0.019201125,,62.93
03/06/07,64.150002,-0.002335556,,64.150002
03/07/07,64.300003,-0.002795467,,64.300003
03/08/07,64.480003,0.003573421,,64.480003
03/09/07,64.25,-0.001866009,,64.25
03/12/07,64.370003,0.010149232,,64.370003
3/13/2007,63.720001,-0.003446627,,63.720001
3/14/2007,63.939999,-0.000625407,,63.939999
3/15/2007,63.98,-0.009953472,,63.98
3/16/2007,64.620003,-0.001855211,,64.620003
3/19/2007,64.739998,-0.008153249,,64.739998
3/20/2007,65.269997,-0.008391277,,65.269997
3/21/2007,65.82,0.000911962,,65.82
3/22/2007,65.760002,0.009319447,,65.760002
3/23/2007,65.150002,-0.010535161,,65.150002
3/26/2007,65.839996,0.002128616,,65.839996
3/27/2007,65.699997,-0.005313197,,65.699997
3/28/2007,66.050003,0.006074445,,66.050003
3/29/2007,65.650002,-0.001369907,,65.650002
3/30/2007,65.739998,-0.00167186,,65.739998
04/02/07,65.849998,0.000303706,,65.849998
04/03/07,65.830002,-0.014777048,,65.830002
04/04/07,66.809998,-0.000748156,,66.809998
04/05/07,66.860001,0.004947937,,66.860001
04/09/07,66.529999,-0.009424933,,66.529999
04/10/07,67.160004,0.001191925,,67.160004
04/11/07,67.080002,0.001342642,,67.080002
04/12/07,66.989998,-0.012608608,,66.989998
4/13/2007,67.839996,-0.008220921,,67.839996
4/16/2007,68.400002,0.005865149,,68.400002
4/17/2007,68,-0.005572635,,68
4/18/2007,68.379997,0.012508412,,68.379997
4/19/2007,67.529999,-0.017177227,,67.529999
4/20/2007,68.699997,0.006425183,,68.699997
4/23/2007,68.260002,0.007794715,,68.260002
4/24/2007,67.730003,-0.002359476,,67.730003
4/25/2007,67.889999,0.015138253,,67.889999
4/26/2007,66.870003,-0.010265581,,66.870003
4/27/2007,67.559998,0.00698112,,67.559998
4/30/2007,67.089996,0.005979895,,67.089996
05/01/07,66.690002,0.000449914,,66.690002
05/02/07,66.660004,-0.012374276,,66.660004
05/03/07,67.489998,-0.010318547,,67.489998
05/04/07,68.190002,-0.000879478,,68.190002
05/07/07,68.25,0.005436038,,68.25
05/08/07,67.879997,0.006354858,,67.879997
05/09/07,67.449997,0.021731796,,67.449997
05/10/07,66,-0.006794998,,66
05/11/07,66.449997,0.002561563,,66.449997
5/14/2007,66.279999,-0.003915108,,66.279999
5/15/2007,66.540001,0.01422762,,66.540001
5/16/2007,65.599998,0.008265775,,65.599998
5/17/2007,65.059998,-0.007045503,,65.059998
5/18/2007,65.519997,-0.002286776,,65.519997
5/21/2007,65.669998,0.007182747,,65.669998
5/22/2007,65.199997,-0.005201236,,65.199997
5/23/2007,65.540001,0.012126958,,65.540001
5/24/2007,64.75,-0.002930097,,64.75
5/25/2007,64.940002,-0.001999816,,64.940002
5/29/2007,65.07,0.005393325,,65.07
5/30/2007,64.720001,-0.01259037,,64.720001
5/31/2007,65.540001,-0.013638656,,65.540001
06/01/07,66.440002,-0.001503971,,66.440002
06/04/07,66.540001,0.002558093,,66.540001
06/05/07,66.370003,-0.000602515,,66.370003
06/06/07,66.410004,0.017468386,,66.410004
06/07/07,65.260002,0.016064618,,65.260002
06/08/07,64.220001,-0.007446451,,64.220001
06/11/07,64.699997,0.009316822,,64.699997
06/12/07,64.099998,-0.006685884,,64.099998
6/13/2007,64.529999,-0.001084163,,64.529999
6/14/2007,64.599998,-0.0038625,,64.599998
6/15/2007,64.849998,-0.001540817,,64.849998
6/18/2007,64.949997,-0.008127101,,64.949997
6/19/2007,65.480003,0.011829065,,65.480003
6/20/2007,64.709999,0.002320741,,64.709999
6/21/2007,64.559998,-0.003401905,,64.559998
6/22/2007,64.779999,0.005417535,,64.779999
6/25/2007,64.43,0.012651493,,64.43
6/26/2007,63.619999,-0.000785592,,63.619999
6/27/2007,63.669998,-0.009223922,,63.669998
6/28/2007,64.260002,-0.000155528,,64.260002
6/29/2007,64.269997,-0.011601956,,64.269997
07/02/07,65.019997,0.004315651,,65.019997
07/03/07,64.739998,0.004955105,,64.739998
07/05/07,64.419998,-0.008347568,,64.419998
07/06/07,64.959999,-0.006444675,,64.959999
07/09/07,65.379997,-0.003511783,,65.379997
07/10/07,65.610001,0.002594416,,65.610001
07/11/07,65.440002,-0.008823958,,65.440002
07/12/07,66.019997,-0.000151488,,66.019997
7/13/2007,66.029999,0.003185426,,66.029999
7/16/2007,65.82,0.001064072,,65.82
7/17/2007,65.75,-0.013145207,,65.75
7/18/2007,66.620003,-0.005837014,,66.620003
7/19/2007,67.010002,-0.008470219,,67.010002
7/20/2007,67.580002,0.001629041,,67.580002
7/23/2007,67.470001,0,,67.470001
7/24/2007,67.470001,0.008484072,,67.470001
7/25/2007,66.900002,0.018861366,,66.900002
7/26/2007,65.650002,0.003662418,,65.650002
7/27/2007,65.410004,-0.005488549,,65.410004
7/30/2007,65.769997,-0.000304105,,65.769997
7/31/2007,65.790001,-0.002125707,,65.790001
08/01/07,65.93,0.000606903,,65.93
08/02/07,65.889999,-0.012068377,,65.889999
08/03/07,66.690002,0.002552437,,66.690002
08/06/07,66.519997,0.000601414,,66.519997
08/07/07,66.480003,-0.004352637,,66.480003
08/08/07,66.769997,0.019814579,,66.769997
08/09/07,65.459999,-0.016814772,,65.459999
08/10/07,66.57,0.004667599,,66.57
8/13/2007,66.260002,-0.000452644,,66.260002
8/14/2007,66.290001,0.002416615,,66.290001
8/15/2007,66.129997,0.022170422,,66.129997
8/16/2007,64.68,-0.0050891,,64.68
8/17/2007,65.010002,-0.001690633,,65.010002
8/20/2007,65.120003,0.000768154,,65.120003
8/21/2007,65.07,-0.005058676,,65.07
8/22/2007,65.400002,0.001377156,,65.400002
8/23/2007,65.309998,-0.012174903,,65.309998
8/24/2007,66.110001,0.001968325,,66.110001
8/27/2007,65.980003,0.005928527,,65.980003
8/28/2007,65.589996,-0.007291602,,65.589996
8/29/2007,66.07,0.004094902,,66.07
8/30/2007,65.800003,-0.010882725,,65.800003
8/31/2007,66.519997,-0.013735734,,66.519997
09/04/07,67.440002,-0.001777719,,67.440002
09/05/07,67.559998,-0.01905941,,67.559998
09/06/07,68.860001,-0.007667278,,68.860001
09/07/07,69.389999,-0.003309175,,69.389999
09/10/07,69.620003,-0.01284439,,69.620003
09/11/07,70.519997,0.000851156,,70.519997
09/12/07,70.459999,0.005407684,,70.459999
9/13/2007,70.080002,0.001285129,,70.080002
9/14/2007,69.989998,-0.013904921,,69.989998
9/17/2007,70.970001,-0.010233439,,70.970001
9/18/2007,71.699997,0.003772757,,71.699997
9/19/2007,71.43,-0.017898514,,71.43
9/20/2007,72.720001,0.005239292,,72.720001
9/21/2007,72.339996,0.000829719,,72.339996
9/24/2007,72.279999,-0.000691557,,72.279999
9/25/2007,72.330002,0.004572889,,72.330002
9/26/2007,72,-0.009675224,,72
9/27/2007,72.699997,-0.011080135,,72.699997
9/28/2007,73.510002,-0.005291376,,73.510002
10/01/07,73.900002,0.02119743,,73.900002
10/02/07,72.349998,0.006239133,,72.349998
10/03/07,71.900002,-0.01340078,,71.900002
10/04/07,72.870003,-0.00724689,,72.870003
10/05/07,73.400002,0.011923707,,73.400002
10/08/07,72.529999,-0.007691248,,72.529999
10/09/07,73.089996,-0.003687338,,73.089996
10/10/07,73.360001,-0.007469349,,73.360001
10/11/07,73.910004,-0.009158205,,73.910004
10/12/07,74.589996,-0.00734663,,74.589996
10/15/2007,75.139999,0.000266152,,75.139999
10/16/2007,75.120003,0.008287749,,75.120003
10/17/2007,74.5,-0.019934215,,74.5
10/18/2007,76,0.003955219,,76
10/19/2007,75.699997,0.01463764,,75.699997
10/22/2007,74.599998,-0.008409647,,74.599998
10/23/2007,75.230003,-0.003847355,,75.230003
10/24/2007,75.519997,-0.006730504,,75.519997
10/25/2007,76.029999,-0.021598589,,76.029999
10/26/2007,77.690002,-0.00551957,,77.690002
10/29/2007,78.120003,0.009905593,,78.120003
10/30/2007,77.349998,-0.016285607,,77.349998
10/31/2007,78.620003,0.00881517,,78.620003
11/01/07,77.93,-0.024088411,,77.93
11/02/07,79.830002,0.001002657,,79.830002
11/05/07,79.75,-0.020847014,,79.75
11/06/07,81.43,-0.009898022,,81.43
11/07/07,82.239998,0.000121542,,82.239998
11/08/07,82.230003,0.000608272,,82.230003
11/09/07,82.18,0.048364322,,82.18
11/12/07,78.300003,-0.010418084,,78.300003
11/13/2007,79.120003,-0.014554786,,79.120003
11/14/2007,80.279999,0.029452954,,80.279999
11/15/2007,77.949997,0.002569006,,77.949997
11/16/2007,77.75,0.006581119,,77.75
11/19/2007,77.239998,-0.028462173,,77.239998
11/20/2007,79.470001,0.001385129,,79.470001
11/21/2007,79.360001,-0.023536346,,79.360001
11/23/2007,81.25,-0.000615232,,81.25
11/26/2007,81.300003,0.014870224,,81.300003
11/27/2007,80.099998,0.006638692,,80.099998
11/28/2007,79.57,0.016345008,,79.57
11/29/2007,78.279999,0.012339475,,78.279999
11/30/2007,77.32,-0.012339475,,77.32
12/03/07,78.279999,-0.014206264,,78.279999
12/04/07,79.400002,0.009745126,,79.400002
12/05/07,78.629997,-0.009367233,,78.629997
12/06/07,79.370003,0.009748827,,79.370003
12/07/07,78.599998,-0.017654961,,78.599998
12/10/07,80,0.014606203,,80
12/11/07,78.839996,-0.020712497,,78.839996
12/12/07,80.489998,0.025034303,,80.489998
12/13/2007,78.5,-0.000254706,,78.5
12/14/2007,78.519997,0.004979264,,78.519997
12/17/2007,78.129997,-0.014233345,,78.129997
12/18/2007,79.25,0.000126216,,79.25
12/19/2007,79.239998,0.007219334,,79.239998
12/20/2007,78.669998,-0.018013966,,78.669998
12/21/2007,80.099998,-0.000499264,,80.099998
12/24/2007,80.139999,-0.017073259,,80.139999
12/26/2007,81.519997,-0.000490569,,81.519997
12/27/2007,81.559998,-0.017501687,,81.559998
12/28/2007,83,0.006527293,,83
12/31/2007,82.459999,-0.028689536,,82.459999
01/02/08,84.860001,-0.008331903,,84.860001
01/03/08,85.57,0.00515529,,85.57
01/04/08,85.129997,0.004237793,,85.129997
01/07/08,84.769997,-0.023434498,,84.769997
01/08/08,86.779999,0.002653853,,86.779999
01/09/08,86.550003,-0.01945138,,86.550003
01/10/08,88.25,-0.003732425,,88.25
01/11/08,88.580002,-0.010779343,,88.580002
1/14/2008,89.540001,0.017462315,,89.540001
1/15/2008,87.989998,0.0147693,,87.989998
1/16/2008,86.699997,0.002309435,,86.699997
1/17/2008,86.5,-0.010579653,,86.5
1/18/2008,87.419998,-0.00854268,,87.419998
1/22/2008,88.169998,0.003180725,,88.169998
1/23/2008,87.889999,-0.024612165,,87.889999
1/24/2008,90.080002,-0.002439307,,90.080002
1/25/2008,90.300003,-0.015929993,,90.300003
1/28/2008,91.75,0.006560964,,91.75
1/29/2008,91.150002,-0.009933994,,91.150002
1/30/2008,92.059998,0.007195016,,92.059998
1/31/2008,91.400002,0.022684281,,91.400002
02/01/08,89.349998,0.002801907,,89.349998
02/04/08,89.099998,0.016065489,,89.099998
02/05/08,87.68,-0.014380557,,87.68
02/06/08,88.949997,-0.010067211,,88.949997
02/07/08,89.849998,-0.012717916,,89.849998
02/08/08,91,-0.003619836,,91
02/11/08,91.330002,0.022141942,,91.330002
02/12/08,89.330002,-0.001230632,,89.330002
2/13/2008,89.440002,-0.003014203,,89.440002
2/14/2008,89.709999,0.006261868,,89.709999
2/15/2008,89.150002,-0.026892562,,89.150002
2/19/2008,91.580002,-0.017963864,,91.580002
2/20/2008,93.239998,-0.000107266,,93.239998
2/21/2008,93.25,-0.001500204,,93.25
2/22/2008,93.389999,0.006984405,,93.389999
2/25/2008,92.739998,-0.010405039,,92.739998
2/26/2008,93.709999,-0.01135351,,93.709999
2/27/2008,94.779999,-0.012685593,,94.779999
2/28/2008,95.989998,-0.001977437,,95.989998
2/29/2008,96.18,-0.010960693,,96.18
03/03/08,97.239998,0.021412293,,97.239998
03/04/08,95.18,-0.026336421,,95.18
03/05/08,97.720001,0.012563248,,97.720001
03/06/08,96.5,0.004257798,,96.5
03/07/08,96.089996,0.002292072,,96.089996
03/10/08,95.870003,-0.00125086,,95.870003
03/11/08,95.989998,-0.010570088,,95.989998
03/12/08,97.010002,-0.013616735,,97.010002
3/13/2008,98.339996,-0.003755427,,98.339996
3/14/2008,98.709999,-0.004649281,,98.709999
3/17/2008,99.169998,0.027292521,,99.169998
3/18/2008,96.5,0.036513489,,96.5
3/19/2008,93.040001,0.034220304,,93.040001
3/20/2008,89.910004,-0.002110928,,89.910004
3/24/2008,90.099998,-0.028771935,,90.099998
3/25/2008,92.730003,-0.011472811,,92.730003
3/26/2008,93.800003,0.003631361,,93.800003
3/27/2008,93.459999,0.017050181,,93.459999
3/28/2008,91.879997,0.01612842,,91.879997
3/31/2008,90.410004,0.040057286,,90.410004
04/01/08,86.860001,-0.027367813,,86.860001
04/02/08,89.269997,-0.001678897,,89.269997
04/03/08,89.419998,-0.009239249,,89.419998
04/04/08,90.25,-0.010142276,,90.25
04/07/08,91.169998,0.009034879,,91.169998
04/08/08,90.349998,-0.021244809,,90.349998
04/09/08,92.290001,0.00565039,,92.290001
04/10/08,91.769997,0.005134594,,91.769997
04/11/08,91.300003,0.002083242,,91.300003
4/14/2008,91.110001,-0.006018544,,91.110001
4/15/2008,91.660004,-0.017412358,,91.660004
4/16/2008,93.269997,0.007641419,,93.269997
4/17/2008,92.559998,0.021182089,,92.559998
4/18/2008,90.620003,0.004091375,,90.620003
4/21/2008,90.25,-0.000221549,,90.25
4/22/2008,90.269997,0.011699905,,90.269997
4/23/2008,89.220001,0.022671567,,89.220001
4/24/2008,87.220001,-0.000573053,,87.220001
4/25/2008,87.269997,-0.004801164,,87.269997
4/28/2008,87.690002,0.021672364,,87.690002
4/29/2008,85.809998,-0.009741513,,85.809998
4/30/2008,86.650002,0.031179319,,86.650002
05/01/08,83.989998,-0.007000135,,83.989998
05/02/08,84.580002,-0.019784023,,84.580002
05/05/08,86.269997,-0.004164263,,86.269997
05/06/08,86.629997,0.009394062,,86.629997
05/07/08,85.82,-0.016410839,,85.82
05/08/08,87.239998,-0.002061148,,87.239998
05/09/08,87.419998,0.00493092,,87.419998
05/12/08,86.989998,0.01856416,,86.989998
5/13/2008,85.389999,0.002227588,,85.389999
5/14/2008,85.199997,-0.02090672,,85.199997
5/15/2008,87,-0.023851193,,87
5/16/2008,89.099998,-0.003249496,,89.099998
5/19/2008,89.389999,-0.016751215,,89.389999
5/20/2008,90.900002,-0.011593666,,90.900002
5/21/2008,91.959999,0.010713954,,91.959999
5/22/2008,90.980003,-0.002744088,,90.980003
5/23/2008,91.230003,0.020710657,,91.230003
5/27/2008,89.360001,0.00246501,,89.360001
5/28/2008,89.139999,0.029948119,,89.139999
5/29/2008,86.510002,-0.01080713,,86.510002
5/30/2008,87.449997,-0.005814987,,87.449997
06/02/08,87.959999,0.012354333,,87.959999
06/03/08,86.879997,0.002650782,,86.879997
06/04/08,86.650002,0.002310862,,86.650002
06/05/08,86.449997,-0.0297441,,86.449997
06/06/08,89.059998,0.012087129,,89.059998
06/09/08,87.989998,0.028122114,,87.989998
06/10/08,85.550003,-0.017036907,,85.550003
06/11/08,87.019997,0.016452683,,87.019997
06/12/08,85.599998,-0.002683359,,85.599998
6/13/2008,85.830002,-0.013654459,,85.830002
6/16/2008,87.010002,-0.002754484,,87.010002
6/17/2008,87.25,-0.011736009,,87.25
6/18/2008,88.279999,-0.001584596,,88.279999
6/19/2008,88.419998,-0.005976215,,88.419998
6/20/2008,88.949997,0.02113236,,88.949997
6/23/2008,87.089996,-0.004353868,,87.089996
6/24/2008,87.470001,0.000571822,,87.470001
6/25/2008,87.419998,-0.035840527,,87.419998
6/26/2008,90.610001,-0.009446467,,90.610001
6/27/2008,91.470001,0.00076556,,91.470001
6/30/2008,91.400002,-0.013691423,,91.400002
07/01/08,92.660004,-0.005488837,,92.660004
07/02/08,93.169998,0.011985243,,93.169998
07/03/08,92.059998,0.009056693,,92.059998
07/07/08,91.230003,0.004063952,,91.230003
07/08/08,90.860001,-0.007019101,,90.860001
07/09/08,91.5,-0.021943257,,91.5
07/10/08,93.529999,-0.017277498,,93.529999
07/11/08,95.160004,-0.007850566,,95.160004
7/14/2008,95.910004,-0.002707144,,95.910004
7/15/2008,96.169998,0.018152705,,96.169998
7/16/2008,94.440002,0.00233225,,94.440002
7/17/2008,94.220001,0.000530846,,94.220001
7/18/2008,94.169998,-0.010037646,,94.169998
7/21/2008,95.120003,0.021894859,,95.120003
7/22/2008,93.059998,0.027121393,,93.059998
7/23/2008,90.57,-0.00835631,,90.57
7/24/2008,91.330002,-0.003934001,,91.330002
7/25/2008,91.690002,-0.000436168,,91.690002
7/28/2008,91.730003,0.012505725,,91.730003
7/29/2008,90.589996,0.011881757,,90.589996
7/30/2008,89.519997,-0.006236156,,89.519997
7/31/2008,90.080002,0.005677744,,90.080002
08/01/08,89.57,0.016093994,,89.57
08/04/08,88.139999,0.023649328,,88.139999
08/05/08,86.080002,-0.006484472,,86.080002
08/06/08,86.639999,0.006368377,,86.639999
08/07/08,86.089996,0.019470426,,86.089996
08/08/08,84.43,0.039870019,,84.43
08/11/08,81.129997,0.007547206,,81.129997
08/12/08,80.519997,-0.012833358,,80.519997
8/13/2008,81.559998,0.027470499,,81.559998
8/14/2008,79.349998,0.02191451,,79.349998
8/15/2008,77.629997,-0.014959123,,77.629997
8/18/2008,78.800003,-0.020474206,,78.800003
8/19/2008,80.43,0.004610912,,80.43
8/20/2008,80.059998,-0.027594816,,80.059998
8/21/2008,82.300003,0.014934798,,82.300003
8/22/2008,81.080002,0.001851763,,81.080002
8/25/2008,80.93,-0.00370009,,80.93
8/26/2008,81.230003,-0.00159909,,81.230003
8/27/2008,81.360001,-0.010028199,,81.360001
8/28/2008,82.18,0.005735582,,82.18
8/29/2008,81.709999,0.03120012,,81.709999
09/02/08,79.199997,0.003921797,,79.199997
09/03/08,78.889999,0.006358109,,78.889999
09/04/08,78.389999,-0.007498338,,78.389999
09/05/08,78.980003,0.001520553,,78.980003
09/08/08,78.860001,0.030514154,,78.860001
09/09/08,76.489998,0.030126318,,76.489998
09/10/08,74.220001,0.01547891,,74.220001
09/11/08,73.080002,-0.03323997,,73.080002
09/12/08,75.550003,-0.026257076,,75.550003
9/15/2008,77.559998,0.009977368,,77.559998
9/16/2008,76.790001,-0.106973982,,76.790001
9/17/2008,85.459999,0.031620321,,85.459999
9/18/2008,82.800003,-0.037686648,,82.800003
9/19/2008,85.980003,-0.036542053,,85.980003
9/22/2008,89.18,0.009690217,,89.18
9/23/2008,88.32,0.018397377,,88.32
9/24/2008,86.709999,0.003003028,,86.709999
9/25/2008,86.449997,-0.002195414,,86.449997
9/26/2008,86.639999,-0.033258851,,86.639999
9/29/2008,89.57,0.051545995,,89.57
9/30/2008,85.07,-0.010523963,,85.07
10/01/08,85.970001,0.043262824,,85.970001
10/02/08,82.330002,-0.003152974,,82.330002
10/03/08,82.589996,-0.020256018,,82.589996
10/06/08,84.279999,-0.03486215,,84.279999
10/07/08,87.269997,-0.024337622,,87.269997
10/08/08,89.419998,-0.005353615,,89.419998
10/09/08,89.900002,0.077210248,,89.900002
10/10/08,83.220001,0.014890451,,83.220001
10/13/2008,81.989998,-0.002558001,,81.989998
10/14/2008,82.199997,-0.0134133,,82.199997
10/15/2008,83.309998,0.049456536,,83.309998
10/16/2008,79.290001,0.026583061,,79.290001
10/17/2008,77.209999,-0.016569655,,77.209999
10/20/2008,78.5,0.031970639,,78.5
10/21/2008,76.029999,0.058497792,,76.029999
10/22/2008,71.709999,0.014892057,,71.709999
10/23/2008,70.650002,-0.021840389,,70.650002
10/24/2008,72.209999,0.000415527,,72.209999
10/27/2008,72.18,-0.022060235,,72.18
10/28/2008,73.790001,-0.002841859,,73.790001
10/29/2008,74,0.01758618,,74
10/30/2008,72.709999,0.019021789,,72.709999
10/31/2008,71.339996,0.003369815,,71.339996
11/03/08,71.099998,-0.059780452,,71.099998
11/04/08,75.480003,0.036151764,,75.480003
11/05/08,72.800003,0.007998967,,72.800003
11/06/08,72.220001,-0.003869532,,72.220001
11/07/08,72.5,-0.014786715,,72.5
11/10/08,73.580002,0.021012913,,73.580002
11/11/08,72.050003,0.028865122,,72.050003
11/12/08,70,-0.030252071,,70
11/13/2008,72.150002,-0.015813337,,72.150002
11/14/2008,73.300003,0.008907232,,73.300003
11/17/2008,72.650002,0.001928907,,72.650002
11/18/2008,72.510002,0.003453758,,72.510002
11/19/2008,72.260002,-0.016334108,,72.260002
11/20/2008,73.449997,-0.070942426,,73.449997
11/21/2008,78.849998,-0.025790187,,78.849998
11/24/2008,80.910004,0.000494511,,80.910004
11/25/2008,80.870003,0.006077613,,80.870003
11/26/2008,80.379997,0.00087123,,80.379997
11/28/2008,80.309998,0.059776655,,80.309998
12/01/08,75.650002,-0.017038355,,75.650002
12/02/08,76.949997,0.01005686,,76.949997
12/03/08,76.18,0.008966305,,76.18
12/04/08,75.5,0.013065151,,75.5
12/05/08,74.519997,-0.022293918,,74.519997
12/08/08,76.199997,-0.001704649,,76.199997
12/09/08,76.330002,-0.04383067,,76.330002
12/10/08,79.75,-0.011222088,,79.75
12/11/08,80.650002,-0.001981866,,80.650002
12/12/08,80.809998,-0.021908961,,80.809998
12/15/2008,82.599998,-0.022268381,,82.599998
12/16/2008,84.459999,-0.011419289,,84.459999
12/17/2008,85.43,0.01842931,,85.43
12/18/2008,83.870003,0.014895242,,83.870003
12/19/2008,82.629997,-0.009994689,,82.629997
12/22/2008,83.459999,0.009994689,,83.459999
12/23/2008,82.629997,-0.009994689,,82.629997
12/24/2008,83.459999,-0.025317797,,83.459999
12/26/2008,85.599998,-0.008723522,,85.599998
12/29/2008,86.349998,0.005224929,,86.349998
12/30/2008,85.900002,-0.007191714,,85.900002
12/31/2008,86.519997,0.003357387,,86.519997
01/02/09,86.230003,0.020503324,,86.230003
01/05/09,84.480003,-0.007664609,,84.480003
01/06/09,85.129997,0.02835545,,85.129997
01/07/09,82.75,-0.020454023,,82.75
01/08/09,84.459999,0.006414097,,84.459999
01/09/09,83.919998,0.038382122,,83.919998
01/12/09,80.760002,-0.001484719,,80.760002
1/13/2009,80.879997,0.013568342,,80.879997
1/14/2009,79.790001,-0.007491582,,79.790001
1/15/2009,80.389999,-0.028450724,,80.389999
1/16/2009,82.709999,-0.021647656,,82.709999
1/20/2009,84.519997,0.004387213,,84.519997
1/21/2009,84.150002,-0.005096911,,84.150002
1/22/2009,84.580002,-0.045643611,,84.580002
1/23/2009,88.529999,-0.004732914,,88.529999
1/26/2009,88.949997,0.006428715,,88.949997
1/27/2009,88.379997,0.010921599,,88.379997
1/28/2009,87.419998,-0.023514559,,87.419998
1/29/2009,89.5,-0.020021663,,89.5
1/30/2009,91.309998,0.027423335,,91.309998
02/02/09,88.839996,0.004173431,,88.839996
02/03/09,88.470001,-0.007993276,,88.470001
02/04/09,89.18,-0.01048535,,89.18
02/05/09,90.120003,0.005898487,,90.120003
02/06/09,89.589996,0.014277079,,89.589996
02/09/09,88.32,-0.021173692,,88.32
02/10/09,90.209999,-0.02279553,,90.209999
02/11/09,92.290001,-0.009489956,,92.290001
02/12/09,93.169998,0.006676689,,93.169998
2/13/2009,92.550003,-0.030853447,,92.550003
2/17/2009,95.449997,-0.015180235,,95.449997
2/18/2009,96.910004,0.011833302,,96.910004
2/19/2009,95.769997,-0.020975156,,95.769997
2/20/2009,97.800003,0.000716003,,97.800003
2/23/2009,97.730003,0.031177833,,97.730003
2/24/2009,94.730003,0.016819653,,94.730003
2/25/2009,93.150002,0.000966694,,93.150002
2/26/2009,93.059998,0.004631394,,93.059998
2/27/2009,92.629997,0.018523051,,92.629997
03/02/09,90.93,0.009835953,,90.93
03/03/09,90.040001,0.011730046,,90.040001
03/04/09,88.989998,-0.033155872,,88.989998
03/05/09,91.989998,-0.00325595,,91.989998
03/06/09,92.290001,0.018812772,,92.290001
03/09/09,90.57,0.027196584,,90.57
03/10/09,88.139999,-0.012178793,,88.139999
03/11/09,89.220001,-0.020852541,,89.220001
03/12/09,91.099998,-0.002193038,,91.099998
3/13/2009,91.300003,0.005491502,,91.300003
3/16/2009,90.800003,0.008405292,,90.800003
3/17/2009,90.040001,-0.033312697,,90.040001
3/18/2009,93.089996,-0.013444526,,93.089996
3/19/2009,94.349998,0.008087753,,94.349998
3/20/2009,93.589996,0.016265711,,93.589996
3/23/2009,92.080002,0.012347914,,92.080002
3/24/2009,90.949997,-0.011261323,,90.949997
3/25/2009,91.980003,0.000543777,,91.980003
3/26/2009,91.93,0.013580298,,91.93
3/27/2009,90.690002,0.007859663,,90.690002
3/30/2009,89.980003,-0.003328484,,89.980003
3/31/2009,90.279999,-0.008273171,,90.279999
04/01/09,91.029999,0.024802428,,91.029999
04/02/09,88.800003,0.013719893,,88.800003
04/03/09,87.589996,0.026844133,,87.589996
04/06/09,85.269997,-0.017092458,,85.269997
04/07/09,86.739998,0.001499821,,86.739998
04/08/09,86.610001,0.003469851,,86.610001
04/09/09,86.309998,-0.01802677,,86.309998
4/13/2009,87.879997,0.005820205,,87.879997
4/14/2009,87.370003,-0.001486785,,87.370003
4/15/2009,87.5,0.019503267,,87.5
4/16/2009,85.809998,0.006899367,,85.809998
4/17/2009,85.220001,-0.020097046,,85.220001
4/20/2009,86.949997,0.000690267,,86.949997
4/21/2009,86.889999,-0.00562345,,86.889999
4/22/2009,87.379997,-0.016120295,,87.379997
4/23/2009,88.800003,-0.010307037,,88.800003
4/24/2009,89.720001,0.007944975,,89.720001
4/27/2009,89.010002,0.014256883,,89.010002
4/28/2009,87.75,-0.006587961,,87.75
4/29/2009,88.330002,0.012073097,,88.330002
4/30/2009,87.269997,0.003673521,,87.269997
05/01/09,86.949997,-0.019250005,,86.949997
05/04/09,88.639999,0.004409516,,88.639999
05/05/09,88.25,-0.014511768,,88.25
05/06/09,89.540001,0.001117432,,89.540001
05/07/09,89.440002,-0.006019425,,89.440002
05/08/09,89.980003,0.003228154,,89.980003
05/11/09,89.690002,-0.011198022,,89.690002
05/12/09,90.699997,-0.004290661,,90.699997
5/13/2009,91.089996,0.000658873,,91.089996
5/14/2009,91.029999,-0.005696192,,91.029999
5/15/2009,91.550003,0.013083601,,91.550003
5/18/2009,90.360001,-0.006618136,,90.360001
5/19/2009,90.959999,-0.014082444,,90.959999
5/20/2009,92.25,-0.017195459,,92.25
5/21/2009,93.849998,-0.003191535,,93.849998
5/22/2009,94.150002,0.004150929,,94.150002
5/26/2009,93.760002,0.003311845,,93.760002
5/27/2009,93.449997,-0.008418197,,93.449997
5/28/2009,94.239998,-0.020584628,,94.239998
5/29/2009,96.199997,0.004897566,,96.199997
06/01/09,95.730003,-0.006559428,,95.730003
06/02/09,96.360001,0.020444146,,96.360001
06/03/09,94.410004,-0.019094148,,94.410004
06/04/09,96.230003,0.026536294,,96.230003
06/05/09,93.709999,0.001601976,,93.709999
06/08/09,93.559998,-0.002881735,,93.559998
06/09/09,93.830002,-0.000319665,,93.830002
06/10/09,93.860001,0.001706164,,93.860001
06/11/09,93.699997,0.016463481,,93.699997
06/12/09,92.169998,0.011676894,,92.169998
6/15/2009,91.099998,-0.009069636,,91.099998
6/16/2009,91.93,-0.004558267,,91.93
6/17/2009,92.349998,0.008045238,,92.349998
6/18/2009,91.610001,-0.003160604,,91.610001
6/19/2009,91.900002,0.014909298,,91.900002
6/22/2009,90.540001,-0.004188224,,90.540001
6/23/2009,90.919998,-0.005812365,,90.919998
6/24/2009,91.449997,-0.009360114,,91.449997
6/25/2009,92.309998,0.000216652,,92.309998
6/26/2009,92.290001,0.002712528,,92.290001
6/29/2009,92.040001,0.009387701,,92.040001
6/30/2009,91.18,-0.013183162,,91.18
07/01/09,92.389999,0.012415744,,92.389999
07/02/09,91.25,0.005384311,,91.25
07/06/09,90.760002,0.000551088,,90.760002
07/07/09,90.709999,0.016002142,,90.709999
07/08/09,89.269997,-0.002684922,,89.269997
07/09/09,89.510002,-0.00078173,,89.510002
07/10/09,89.580002,-0.006786475,,89.580002
7/13/2009,90.190002,-0.006850811,,90.190002
7/14/2009,90.809998,-0.015624465,,90.809998
7/15/2009,92.239998,0.00282266,,92.239998
7/16/2009,91.980003,0.000543777,,91.980003
7/17/2009,91.93,-0.014578294,,91.93
7/20/2009,93.279999,0.001609378,,93.279999
7/21/2009,93.129997,-0.003323206,,93.129997
7/22/2009,93.440002,0.001928228,,93.440002
7/23/2009,93.260002,-0.001607136,,93.260002
7/24/2009,93.410004,-0.003206448,,93.410004
7/27/2009,93.709999,0.017221371,,93.709999
7/28/2009,92.110001,0.009928662,,92.110001
7/29/2009,91.199997,-0.004594757,,91.199997
7/30/2009,91.620003,-0.018706227,,91.620003
7/31/2009,93.349998,-0.00555503,,93.349998
08/03/09,93.870003,-0.008591906,,93.870003
08/04/09,94.68,-0.001055621,,94.68
08/05/09,94.779999,0.001900951,,94.779999
08/06/09,94.599998,0.00902579,,94.599998
08/07/09,93.75,0.008785143,,93.75
08/10/09,92.93,0.001507635,,92.93
08/11/09,92.790001,-0.001722796,,92.790001
08/12/09,92.949997,-0.008249942,,92.949997
8/13/2009,93.720001,0.007712131,,93.720001
8/14/2009,93,0.015059046,,93
8/17/2009,91.610001,-0.00490007,,91.610001
8/18/2009,92.059998,-0.005092389,,92.059998
8/19/2009,92.529999,0.002813876,,92.529999
8/20/2009,92.269997,-0.014845421,,92.269997
8/21/2009,93.650002,0.014087076,,93.650002
8/24/2009,92.339996,-0.00453816,,92.339996
8/25/2009,92.760002,-0.000323352,,92.760002
8/26/2009,92.790001,-0.004301555,,92.790001
8/27/2009,93.190002,-0.007270437,,93.190002
8/28/2009,93.870003,0.005019512,,93.870003
8/31/2009,93.400002,-0.005339041,,93.400002
09/01/09,93.900002,-0.024095015,,93.900002
09/02/09,96.190002,-0.013116604,,96.190002
09/03/09,97.459999,-0.000717986,,97.459999
09/04/09,97.529999,0.001025841,,97.529999
09/08/09,97.43,0.00359877,,97.43
09/09/09,97.080002,-0.006366127,,97.080002
09/10/09,97.699997,-0.010993617,,97.699997
09/11/09,98.779999,0.008335923,,98.779999
9/14/2009,97.959999,-0.009550037,,97.959999
9/15/2009,98.900002,-0.010160562,,98.900002
9/16/2009,99.910004,0.005721551,,99.910004
9/17/2009,99.339996,0.006767341,,99.339996
9/18/2009,98.669998,0.003146701,,98.669998
9/21/2009,98.360001,-0.013230481,,98.360001
9/22/2009,99.669998,0.008463486,,99.669998
9/23/2009,98.830002,0.013036125,,98.830002
9/24/2009,97.550003,0.005654119,,97.550003
9/25/2009,97,-0.000515362,,97
9/28/2009,97.050003,-0.003907831,,97.050003
9/29/2009,97.43,-0.014469358,,97.43
9/30/2009,98.849998,0.00975914,,98.849998
10/01/09,97.889999,-0.004891521,,97.889999
10/02/09,98.370003,-0.014632654,,98.370003
10/05/09,99.82,-0.024345577,,99.82
10/06/09,102.279999,-0.00078188,,102.279999
10/07/09,102.360001,-0.012427325,,102.360001
10/08/09,103.639999,0.007749003,,103.639999
10/09/09,102.839996,-0.006976792,,102.839996
10/12/09,103.559998,-0.006736663,,103.559998
10/13/2009,104.260002,0.000767626,,104.260002
10/14/2009,104.18,0.012751322,,104.18
10/15/2009,102.860001,-0.003106186,,102.860001
10/16/2009,103.18,-0.010124989,,103.18
10/19/2009,104.230003,0.007801677,,104.230003
10/20/2009,103.419998,-0.003185811,,103.419998
10/21/2009,103.75,-0.001637194,,103.75
10/22/2009,103.919998,0.004146383,,103.919998
10/23/2009,103.489998,0.015875639,,103.489998
10/26/2009,101.860001,9.82E-05,,101.860001
10/27/2009,101.849998,0.011057423,,101.849998
10/28/2009,100.730003,-0.019271061,,100.730003
10/29/2009,102.690002,0.001559332,,102.690002
10/30/2009,102.529999,-0.013754557,,102.529999
11/02/09,103.949997,-0.023859333,,103.949997
11/03/09,106.459999,-0.00599364,,106.459999
11/04/09,107.099998,0.00112103,,107.099998
11/05/09,106.980003,-0.004197544,,106.980003
11/06/09,107.43,-0.007049487,,107.43
11/09/09,108.190002,-0.001846865,,108.190002
11/10/09,108.389999,-0.011101532,,108.389999
11/11/09,109.599998,0.012763582,,109.599998
11/12/09,108.209999,-0.014040139,,108.209999
11/13/2009,109.739998,-0.017075891,,109.739998
11/16/2009,111.629997,-0.003041183,,111.629997
11/17/2009,111.970001,-0.002497539,,111.970001
11/18/2009,112.25,-0.000445362,,112.25
11/19/2009,112.300003,-0.005682833,,112.300003
11/20/2009,112.940002,-0.011882365,,112.940002
11/23/2009,114.290001,-0.003842481,,114.290001
11/24/2009,114.730003,-0.016339244,,114.730003
11/25/2009,116.620003,0.013467097,,116.620003
11/27/2009,115.059998,-0.005028194,,115.059998
11/30/2009,115.639999,-0.014934601,,115.639999
12/01/09,117.379997,-0.015218446,,117.379997
12/02/09,119.18,0.004035679,,119.18
12/03/09,118.699997,0.042596219,,118.699997
12/04/09,113.75,0.005642252,,113.75
12/07/09,113.110001,0.019281183,,113.110001
12/08/09,110.949997,0.000991938,,110.949997
12/09/09,110.839996,0.00018042,,110.839996
12/10/09,110.82,0.013627902,,110.82
12/11/09,109.32,-0.008380428,,109.32
12/14/2009,110.239998,0.000272161,,110.239998
12/15/2009,110.209999,-0.012443777,,110.209999
12/16/2009,111.589996,0.038830075,,111.589996
12/17/2009,107.339996,-0.014887704,,107.339996
12/18/2009,108.949997,0.018527626,,108.949997
12/21/2009,106.949997,0.007319843,,106.949997
12/22/2009,106.169998,-0.003572823,,106.169998
12/23/2009,106.550003,-0.01684464,,106.550003
12/24/2009,108.360001,-0.001751898,,108.360001
12/28/2009,108.550003,0.009999176,,108.550003
12/29/2009,107.470001,0.005037333,,107.470001
12/30/2009,106.93,-0.003547409,,106.93
12/31/2009,107.309998,-0.022938733,,107.309998
01/04/10,109.800003,0.000911216,,109.800003
01/05/10,109.699997,-0.016364951,,109.699997
01/06/10,111.510002,0.006207027,,111.510002
01/07/10,110.82,-0.004950755,,110.82
01/08/10,111.370003,-0.013201467,,111.370003
01/11/10,112.849998,0.021134485,,112.849998
01/12/10,110.489998,-0.009458279,,110.489998
1/13/2010,111.540001,-0.004383404,,111.540001
1/14/2010,112.029999,0.010498531,,112.029999
1/15/2010,110.860001,-0.005935767,,110.860001
1/19/2010,111.519997,0.02340663,,111.519997
1/20/2010,108.940002,0.014516449,,108.940002
1/21/2010,107.370003,0.001864501,,107.370003
1/22/2010,107.169998,-0.002888472,,107.169998
1/25/2010,107.480003,-0.000744001,,107.480003
1/26/2010,107.559998,0.009622187,,107.559998
1/27/2010,106.529999,0.000469424,,106.529999
1/28/2010,106.480003,0.004895547,,106.480003
1/29/2010,105.959999,-0.022305055,,105.959999
02/01/10,108.349998,-0.007173095,,108.349998
02/02/10,109.129997,0.003948038,,109.129997
02/03/10,108.699997,0.04064946,,108.699997
02/04/10,104.370003,-0.002965771,,104.370003
02/05/10,104.68,0.006132627,,104.68
02/08/10,104.040001,-0.013082096,,104.040001
02/09/10,105.410004,0.002754963,,105.410004
02/10/10,105.120003,-0.018940439,,105.120003
02/11/10,107.129997,0.000840417,,107.129997
02/12/10,107.040001,-0.023817261,,107.040001
2/16/2010,109.620003,0.003381033,,109.620003
2/17/2010,109.25,-0.006659724,,109.25
2/18/2010,109.980003,0.00464801,,109.980003
2/19/2010,109.470001,0.00366067,,109.470001
2/22/2010,109.07,0.010877698,,109.07
2/23/2010,107.889999,0.004924498,,107.889999
2/24/2010,107.360001,-0.008809785,,107.360001
2/25/2010,108.309998,-0.010287608,,108.309998
2/26/2010,109.43,0,,109.43
03/01/10,109.43,-0.014425263,,109.43
03/02/10,111.019997,-0.005479466,,111.019997
03/03/10,111.629997,0.00719229,,111.629997
03/04/10,110.830002,0.000180509,,110.830002
03/05/10,110.809998,0.008428171,,110.809998
03/08/10,109.879997,0.001457159,,109.879997
03/09/10,109.720001,0.011458029,,109.720001
03/10/10,108.470001,-0.001197743,,108.470001
03/11/10,108.599998,0.00600326,,108.599998
03/12/10,107.949997,-0.003790897,,107.949997
3/15/2010,108.360001,-0.018651126,,108.360001
3/16/2010,110.400002,0.007364059,,110.400002
3/17/2010,109.589996,-0.006820379,,109.589996
3/18/2010,110.339996,0.018846016,,110.339996
3/19/2010,108.279999,0.004906727,,108.279999
3/22/2010,107.75,-0.00527608,,107.75
3/23/2010,108.32,0.018824496,,108.32
3/24/2010,106.300003,-0.00450532,,106.300003
3/25/2010,106.779999,-0.016808652,,106.779999
3/26/2010,108.589996,-0.001472385,,108.589996
3/29/2010,108.75,0.00719825,,108.75
3/30/2010,107.970001,-0.009035614,,107.970001
3/31/2010,108.949997,-0.011952197,,108.949997
04/01/10,110.260002,-0.005697479,,110.260002
04/05/10,110.889999,-0.001261716,,110.889999
04/06/10,111.029999,-0.013063885,,111.029999
04/07/10,112.489998,-0.001421374,,112.489998
04/08/10,112.650002,-0.008749864,,112.650002
04/09/10,113.639999,0.00555922,,113.639999
04/12/10,113.010002,0.002835624,,113.010002
4/13/2010,112.690002,-0.003012558,,112.690002
4/14/2010,113.029999,-0.005470307,,113.029999
4/15/2010,113.650002,0.021433557,,113.650002
4/16/2010,111.239998,0.000809353,,111.239998
4/19/2010,111.150002,-0.002785115,,111.150002
4/20/2010,111.459999,-0.007597114,,111.459999
4/21/2010,112.309998,0.004193644,,112.309998
4/22/2010,111.839996,-0.011998598,,111.839996
4/23/2010,113.190002,0.003894862,,113.190002
4/26/2010,112.75,-0.016536546,,112.75
4/27/2010,114.629997,0.002795485,,114.629997
4/28/2010,114.309998,0.00026247,,114.309998
4/29/2010,114.279999,-0.009406114,,114.279999
4/30/2010,115.360001,-0.003202236,,115.360001
05/03/10,115.730003,0.007458838,,115.730003
05/04/10,114.870003,-0.001913316,,114.870003
05/05/10,115.089996,-0.029114156,,115.089996
05/06/10,118.489998,0.001858431,,118.489998
05/07/10,118.269997,0.00593622,,118.269997
05/10/10,117.57,-0.025942805,,117.57
05/11/10,120.660004,-0.006114189,,120.660004
05/12/10,121.400002,0.006943357,,121.400002
5/13/2010,120.559998,0.00157718,,120.559998
5/14/2010,120.370003,0.008426212,,120.370003
5/17/2010,119.360001,-0.001088524,,119.360001
5/18/2010,119.489998,0.024226164,,119.489998
5/19/2010,116.629997,0.006796611,,116.629997
5/20/2010,115.839996,0.005366541,,115.839996
5/21/2010,115.220001,-0.01396209,,115.220001
5/24/2010,116.839996,-0.004440699,,116.839996
5/25/2010,117.360001,-0.00941363,,117.360001
5/26/2010,118.470001,-0.001855297,,118.470001
5/27/2010,118.690002,-0.001599487,,118.690002
5/28/2010,118.879997,-0.008626939,,118.879997
06/01/10,119.910004,0.001084776,,119.910004
06/02/10,119.779999,0.015311143,,119.779999
06/03/10,117.959999,-0.0103733,,117.959999
06/04/10,119.190002,-0.019113063,,119.190002
06/07/10,121.489998,0.004041393,,121.489998
06/08/10,121,0.003643008,,121
06/09/10,120.559998,0.013276169,,120.559998
06/10/10,118.970001,-0.00870372,,118.970001
06/11/10,120.010002,0.003422265,,120.010002
6/14/2010,119.599998,-0.011555056,,119.599998
6/15/2010,120.989998,0.005469896,,120.989998
6/16/2010,120.330002,-0.012963068,,120.330002
6/17/2010,121.900002,-0.007600249,,121.900002
6/18/2010,122.830002,0.020064837,,122.830002
6/21/2010,120.389999,-0.008766166,,120.389999
6/22/2010,121.449997,0.004125418,,121.449997
6/23/2010,120.949997,-0.002889628,,120.949997
6/24/2010,121.300003,-0.011964405,,121.300003
6/25/2010,122.760002,0.013697208,,122.760002
6/28/2010,121.089996,-0.001485402,,121.089996
6/29/2010,121.269997,-0.003375208,,121.269997
6/30/2010,121.68,0.038878883,,121.68
07/01/10,117.040001,-0.012312787,,117.040001
07/02/10,118.489998,0.016851429,,118.489998
07/06/10,116.510002,-0.010416769,,116.510002
07/07/10,117.730003,0.004426703,,117.730003
07/08/10,117.209999,-0.009763647,,117.209999
07/09/10,118.360001,0.008655167,,118.360001
07/12/10,117.339996,-0.008655167,,117.339996
7/13/2010,118.360001,0.00050704,,118.360001
7/14/2010,118.300003,0.000591891,,118.300003
7/15/2010,118.230003,0.013282486,,118.230003
7/16/2010,116.669998,0.008089502,,116.669998
7/19/2010,115.730003,-0.007918098,,115.730003
7/20/2010,116.650002,0.006881782,,116.650002
7/21/2010,115.849998,-0.008680412,,115.849998
7/22/2010,116.860001,0.006610928,,116.860001
7/23/2010,116.089996,0.004922069,,116.089996
7/26/2010,115.519997,0.017552693,,115.519997
7/27/2010,113.510002,-0.002375794,,113.510002
7/28/2010,113.779999,-0.004472336,,113.779999
7/29/2010,114.290001,-0.010444842,,114.290001
7/30/2010,115.489998,-0.00043287,,115.489998
08/02/10,115.540001,-0.003887164,,115.540001
08/03/10,115.989998,-0.00627395,,115.989998
08/04/10,116.720001,-0.002225093,,116.720001
08/05/10,116.980003,-0.007324733,,116.980003
08/06/10,117.839996,0.003740814,,117.839996
08/09/10,117.400002,-0.002806968,,117.400002
08/10/10,117.730003,0.003318223,,117.730003
08/11/10,117.339996,-0.012113155,,117.339996
08/12/10,118.769997,0.000252613,,118.769997
8/13/2010,118.739998,-0.008303021,,118.739998
8/16/2010,119.730003,-0.000167004,,119.730003
8/17/2010,119.75,-0.00391717,,119.75
8/18/2010,120.220001,-0.001413059,,120.220001
8/19/2010,120.389999,0.003494745,,120.389999
8/20/2010,119.970001,0.001585001,,119.970001
8/23/2010,119.779999,-0.004830542,,119.779999
8/24/2010,120.360001,-0.008274083,,120.360001
8/25/2010,121.360001,0.003301439,,121.360001
8/26/2010,120.959999,-0.000413299,,120.959999
8/27/2010,121.010002,0.000826703,,121.010002
8/30/2010,120.910004,-0.009630084,,120.910004
8/31/2010,122.080002,0.00319974,,122.080002
09/01/10,121.690002,-0.004918438,,121.690002
09/02/10,122.290001,0.003522428,,122.290001
09/03/10,121.860001,-0.006869474,,121.860001
09/07/10,122.699997,-8.15E-05,,122.699997
09/08/10,122.709999,0.009415888,,122.709999
09/09/10,121.559998,-0.00139755,,121.559998
09/10/10,121.730003,0.000904048,,121.730003
9/13/2010,121.620003,-0.019541364,,121.620003
9/14/2010,124.019997,0.000645225,,124.019997
9/15/2010,123.940002,-0.00555173,,123.940002
9/16/2010,124.629997,0.000722366,,124.629997
9/17/2010,124.540001,-0.002646263,,124.540001
9/20/2010,124.870003,-0.009088065,,124.870003
9/21/2010,126.010002,-0.001506642,,126.010002
9/22/2010,126.199997,-0.000792127,,126.199997
9/23/2010,126.300003,-0.00308312,,126.300003
9/24/2010,126.690002,-0.000236763,,126.690002
9/27/2010,126.720001,-0.00887775,,126.720001
9/28/2010,127.849998,-0.000781853,,127.849998
9/29/2010,127.949997,0.000312616,,127.949997
9/30/2010,127.910004,-0.007787595,,127.910004
10/01/10,128.910004,0.003496891,,128.910004
10/04/10,128.460007,-0.019503396,,128.460007
10/05/10,130.990005,-0.006240454,,130.990005
10/06/10,131.809998,0.010984953,,131.809998
10/07/10,130.369995,-0.009846349,,130.369995
10/08/10,131.660004,-0.004773557,,131.660004
10/11/10,132.289993,0.00249753,,132.289993
10/12/10,131.960007,-0.015863204,,131.960007
10/13/2010,134.070007,-0.005059106,,134.070007
10/14/2010,134.75,0.007972378,,134.75
10/15/2010,133.679993,-0.004478333,,133.679993
10/18/2010,134.279999,0.03154691,,134.279999
10/19/2010,130.110001,-0.009256892,,130.110001
10/20/2010,131.320007,0.014187944,,131.320007
10/21/2010,129.470001,-0.002006135,,129.470001
10/22/2010,129.729996,-0.008596338,,129.729996
10/25/2010,130.850006,-0.000229236,,130.850006
10/26/2010,130.880005,0.010445571,,130.880005
10/27/2010,129.520004,-0.013192406,,129.520004
10/28/2010,131.240005,-0.010460112,,131.240005
10/29/2010,132.619995,0.005292195,,132.619995
11/01/10,131.919998,-0.004311546,,131.919998
11/02/10,132.490005,0.006968126,,132.490005
11/03/10,131.570007,-0.03333636,,131.570007
11/04/10,136.029999,-0.002569701,,136.029999
11/05/10,136.380005,-0.010213059,,136.380005
11/08/10,137.779999,0.016022606,,137.779999
11/09/10,135.589996,-0.012095657,,135.589996
11/10/10,137.240005,-0.003055652,,137.240005
11/11/10,137.660004,0.029263204,,137.660004
11/12/10,133.690002,0.009545028,,133.690002
11/15/2010,132.419998,0.011010377,,132.419998
11/16/2010,130.970001,0.004514995,,130.970001
11/17/2010,130.380005,-0.013030176,,130.380005
11/18/2010,132.089996,-0.000832427,,132.089996
11/19/2010,132.199997,-0.009635719,,132.199997
11/22/2010,133.479996,-0.006943236,,133.479996
11/23/2010,134.410004,0.00171273,,134.410004
11/24/2010,134.179993,0.008006268,,134.179993
11/26/2010,133.110001,-0.003000482,,133.110001
11/29/2010,133.509995,-0.014204701,,133.509995
11/30/2010,135.419998,0.000295369,,135.419998
12/01/10,135.380005,0.001330535,,135.380005
12/02/10,135.199997,-0.021005712,,135.199997
12/03/10,138.070007,-0.007504141,,138.070007
12/06/10,139.110001,0.01894038,,139.110001
12/07/10,136.5,0.012606655,,136.5
12/08/10,134.789993,-0.004293773,,134.789993
12/09/10,135.369995,-0.000295509,,135.369995
12/10/10,135.410004,-0.004715245,,135.410004
12/13/2010,136.050003,-0.000955001,,136.050003
12/14/2010,136.179993,0.010927428,,136.179993
12/15/2010,134.699997,0.006629193,,134.699997
12/16/2010,133.809998,-0.002910334,,133.809998
12/17/2010,134.199997,-0.006758067,,134.199997
12/20/2010,135.110001,-0.001553127,,135.110001
12/21/2010,135.320007,0.001997293,,135.320007
12/22/2010,135.050003,0.00289199,,135.050003
12/23/2010,134.660004,-0.002669832,,134.660004
12/27/2010,135.020004,-0.016162539,,135.020004
12/28/2010,137.220001,-0.003564591,,137.220001
12/29/2010,137.710007,0.004950203,,137.710007
12/30/2010,137.029999,-0.012257648,,137.029999
12/31/2010,138.720001,0.005203835,,138.720001
01/03/11,138,0.023832475,,138
01/04/11,134.75,0.002824058,,134.75
01/05/11,134.369995,0.004026799,,134.369995
01/06/11,133.830002,0.001869788,,133.830002
01/07/11,133.580002,-0.00403432,,133.580002
01/10/11,134.119995,-0.005873035,,134.119995
01/11/11,134.910004,-0.004068526,,134.910004
01/12/11,135.460007,0.010463558,,135.460007
1/13/2011,134.050003,0.010197291,,134.050003
1/14/2011,132.690002,-0.005561348,,132.690002
1/18/2011,133.429993,-0.002171126,,133.429993
1/19/2011,133.720001,0.019025215,,133.720001
1/20/2011,131.199997,0.001296557,,131.199997
1/21/2011,131.029999,0.005126435,,131.029999
1/24/2011,130.360001,0.00199643,,130.360001
1/25/2011,130.100006,-0.008114551,,130.100006
1/26/2011,131.160004,0.024934743,,131.160004
1/27/2011,127.93,-0.018202733,,127.93
1/28/2011,130.279999,0.003152061,,130.279999
1/31/2011,129.869995,-0.00713555,,129.869995
02/01/11,130.800003,0.002679473,,130.800003
02/02/11,130.449997,-0.013325916,,130.449997
02/03/11,132.199997,0.004093032,,132.199997
02/04/11,131.660004,-0.000151811,,131.660004
02/07/11,131.679993,-0.011026515,,131.679993
02/08/11,133.139999,0.000525841,,133.139999
02/09/11,133.070007,0.001654641,,133.070007
02/10/11,132.850006,0.003997433,,132.850006
02/11/11,132.320007,-0.004749811,,132.320007
2/14/2011,132.949997,-0.007642807,,132.949997
2/15/2011,133.970001,-0.000969933,,133.970001
2/16/2011,134.100006,-0.006985144,,134.100006
2/17/2011,135.039993,-0.002736264,,135.039993
2/18/2011,135.410004,-0.006477675,,135.410004
2/22/2011,136.289993,-0.008911688,,136.289993
2/23/2011,137.509995,0.007518551,,137.509995
2/24/2011,136.479996,-0.006572791,,136.479996
2/25/2011,137.380005,-0.002036061,,137.380005
2/28/2011,137.660004,-0.017069772,,137.660004
03/01/11,140.029999,0.000785862,,140.029999
03/02/11,139.919998,0.013165199,,139.919998
03/03/11,138.089996,-0.009083179,,138.089996
03/04/11,139.350006,-0.00265163,,139.350006
03/07/11,139.720001,0.002579907,,139.720001
03/08/11,139.360001,-0.00035874,,139.360001
03/09/11,139.410004,0.011833603,,139.410004
03/10/11,137.770004,-0.003260969,,137.770004
03/11/11,138.220001,-0.004619613,,138.220001
3/14/2011,138.860001,0.018827997,,138.860001
3/15/2011,136.270004,0.000220168,,136.270004
3/16/2011,136.240005,-0.005343858,,136.240005
3/17/2011,136.970001,-0.010169289,,136.970001
3/18/2011,138.369995,-0.005549393,,138.369995
3/21/2011,139.139999,0.000647011,,139.139999
3/22/2011,139.050003,-0.009234419,,139.050003
3/23/2011,140.339996,0.008012598,,140.339996
3/24/2011,139.220001,-0.000287231,,139.220001
3/25/2011,139.259995,0.005183612,,139.259995
3/28/2011,138.539993,0.002384724,,138.539993
3/29/2011,138.210007,-0.003322677,,138.210007
3/30/2011,138.669998,-0.008544934,,138.669998
3/31/2011,139.860001,0.004730203,,139.860001
04/01/11,139.199997,-0.004587157,,139.199997
04/04/11,139.839996,-0.015680246,,139.839996
04/05/11,142.050003,-0.002320445,,142.050003
04/06/11,142.380005,-0.000912563,,142.380005
04/07/11,142.509995,-0.008037287,,142.509995
04/08/11,143.660004,0.007125458,,143.660004
04/11/11,142.639999,0.007247159,,142.639999
04/12/11,141.610001,-0.002045735,,141.610001
4/13/2011,141.899994,-0.013370428,,141.899994
4/14/2011,143.809998,-0.008585561,,143.809998
4/15/2011,145.050003,-0.006048475,,145.050003
4/18/2011,145.929993,0,,145.929993
4/19/2011,145.929993,-0.003898422,,145.929993
4/20/2011,146.5,-0.001636919,,146.5
4/21/2011,146.740005,-0.00088546,,146.740005
4/25/2011,146.869995,0.003341793,,146.869995
4/26/2011,146.380005,-0.019081653,,146.380005
4/27/2011,149.199997,-0.004146953,,149.199997
4/28/2011,149.820007,-0.01687712,,149.820007
4/29/2011,152.369995,0.012946815,,152.369995
05/02/11,150.410004,0.003529918,,150.410004
05/03/11,149.880005,0.014448751,,149.880005
05/04/11,147.729996,0.029260295,,147.729996
05/05/11,143.470001,-0.01267463,,143.470001
05/06/11,145.300003,-0.014213728,,145.300003
05/09/11,147.380005,-0.00352201,,147.380005
05/10/11,147.899994,0.009237948,,147.899994
05/11/11,146.539993,-0.000341166,,146.539993
05/12/11,146.589996,0.006570354,,146.589996
5/13/2011,145.630005,0.001787011,,145.630005
5/16/2011,145.369995,0.004343118,,145.369995
5/17/2011,144.740005,-0.005924113,,144.740005
5/18/2011,145.600006,-0.000343265,,145.600006
5/19/2011,145.649994,-0.012553969,,145.649994
5/20/2011,147.490005,-0.002302568,,147.490005
5/23/2011,147.830002,-0.00512783,,147.830002
5/24/2011,148.589996,6.73E-05,,148.589996
5/25/2011,148.580002,0.002425884,,148.580002
5/26/2011,148.220001,-0.009935608,,148.220001
5/27/2011,149.699997,0.000400869,,149.699997
5/31/2011,149.639999,-0.001802738,,149.639999
06/01/11,149.910004,0.002738748,,149.910004
06/02/11,149.5,-0.0048045,,149.5
06/03/11,150.220001,-0.001729265,,150.220001
06/06/11,150.479996,0.00039879,,150.479996
06/07/11,150.419998,0.004063557,,150.419998
06/08/11,149.809998,-0.004993851,,149.809998
06/09/11,150.559998,0.008805881,,150.559998
06/10/11,149.240005,0.009898744,,149.240005
6/13/2011,147.770004,-0.006072033,,147.770004
6/14/2011,148.669998,-0.003022246,,148.669998
6/15/2011,149.119995,0.001006367,,149.119995
6/16/2011,148.970001,-0.006490277,,148.970001
6/17/2011,149.940002,-0.00060004,,149.940002
6/20/2011,150.029999,-0.004853868,,150.029999
6/21/2011,150.759995,-0.001524507,,150.759995
6/22/2011,150.990005,0.017706733,,150.990005
6/23/2011,148.339996,0.014121084,,148.339996
6/24/2011,146.259995,0.003630259,,146.259995
6/27/2011,145.729996,-0.003493575,,145.729996
6/28/2011,146.240005,-0.006407138,,146.240005
6/29/2011,147.179993,0.008049658,,147.179993
6/30/2011,146,0.007355803,,146
07/01/11,144.929993,-0.018458358,,144.929993
07/05/11,147.630005,-0.008632946,,147.630005
07/06/11,148.910004,-0.001610347,,148.910004
07/07/11,149.149994,-0.007348103,,149.149994
07/08/11,150.25,-0.008878908,,150.25
07/11/11,151.589996,-0.007754067,,151.589996
07/12/11,152.770004,-0.008927725,,152.770004
7/13/2011,154.139999,-0.002591643,,154.139999
7/14/2011,154.539993,-0.004261671,,154.539993
7/15/2011,155.199997,-0.008788651,,155.199997
7/18/2011,156.570007,0.012274054,,156.570007
7/19/2011,154.660004,-0.008755045,,154.660004
7/20/2011,156.020004,0.007656476,,156.020004
7/21/2011,154.830002,-0.008297157,,154.830002
7/22/2011,156.119995,-0.007784133,,156.119995
7/25/2011,157.339996,-0.002729258,,157.339996
7/26/2011,157.770004,0.003683024,,157.770004
7/27/2011,157.190002,-0.000826715,,157.190002
7/28/2011,157.320007,-0.006146757,,157.320007
7/29/2011,158.289993,0.003607434,,158.289993
08/01/11,157.720001,-0.023807683,,157.720001
08/02/11,161.520004,0.000185747,,161.520004
08/03/11,161.490005,0.005277422,,161.490005
08/04/11,160.639999,-0.006886103,,160.639999
08/05/11,161.75,-0.032660154,,161.75
08/08/11,167.119995,-0.008876274,,167.119995
08/09/11,168.610001,-0.034794739,,168.610001
08/10/11,174.580002,0.022182602,,174.580002
08/11/11,170.75,0.004578542,,170.75
08/12/11,169.970001,-0.01070907,,169.970001
8/15/2011,171.800003,-0.012264385,,171.800003
8/16/2011,173.919998,-0.00287076,,173.919998
8/17/2011,174.419998,-0.018743111,,174.419998
8/18/2011,177.720001,-0.012469734,,177.720001
8/19/2011,179.949997,-0.02545811,,179.949997
8/22/2011,184.589996,0.038209242,,184.589996
8/23/2011,177.669998,0.034470401,,177.669998
8/24/2011,171.649994,-0.004127834,,171.649994
8/25/2011,172.360001,-0.029216268,,172.360001
8/26/2011,177.470001,0.020378677,,177.470001
8/29/2011,173.889999,-0.029521433,,173.889999
8/30/2011,179.100006,0.007735059,,179.100006
8/31/2011,177.720001,-0.000843635,,177.720001
09/01/11,177.869995,-0.029743878,,177.869995
09/02/11,183.240005,0.001857274,,183.240005
09/06/11,182.899994,0.032337903,,182.899994
09/07/11,177.080002,-0.026360556,,177.080002
09/08/11,181.809998,0.006123994,,181.809998
09/09/11,180.699997,0.022554607,,180.699997
09/12/11,176.669998,-0.010529052,,176.669998
9/13/2011,178.539993,0.007477117,,178.539993
9/14/2011,177.210007,0.015984032,,177.210007
9/15/2011,174.399994,-0.009302952,,174.399994
9/16/2011,176.029999,0.015572542,,176.029999
9/19/2011,173.309998,-0.014151321,,173.309998
9/20/2011,175.779999,0.012537034,,175.779999
9/21/2011,173.589996,0.026501627,,173.589996
9/22/2011,169.050003,0.056271495,,169.050003
9/23/2011,159.800003,0.013989774,,159.800003
9/26/2011,157.580002,-0.019170336,,157.580002
9/27/2011,160.630005,0.027838338,,160.630005
9/28/2011,156.220001,-0.009429198,,156.220001
9/29/2011,157.699997,-0.00228022,,157.699997
9/30/2011,158.059998,-0.018181235,,158.059998
10/03/11,160.960007,0.020841984,,160.960007
10/04/11,157.639999,-0.011479205,,157.639999
10/05/11,159.460007,-0.006438516,,159.460007
10/06/11,160.490005,0.008196073,,160.490005
10/07/11,159.179993,-0.025369703,,159.179993
10/10/11,163.270004,0.007191831,,163.270004
10/11/11,162.100006,-0.007130526,,162.100006
10/12/11,163.259995,0.005897498,,163.259995
10/13/2011,162.300003,-0.006754653,,162.300003
10/14/2011,163.399994,0.004784986,,163.399994
10/17/2011,162.619995,0.004807992,,162.619995
10/18/2011,161.839996,0.012247214,,161.839996
10/19/2011,159.869995,0.013222652,,159.869995
10/20/2011,157.770004,-0.01103103,,157.770004
10/21/2011,159.520004,-0.009359274,,159.520004
10/24/2011,161.020004,-0.027986224,,161.020004
10/25/2011,165.589996,-0.010871293,,165.589996
10/26/2011,167.399994,-0.012761764,,167.399994
10/27/2011,169.550003,-0.000412725,,169.550003
10/28/2011,169.619995,0.013532964,,169.619995
10/31/2011,167.339996,-0.00023906,,167.339996
11/01/11,167.380005,-0.009986963,,167.380005
11/02/11,169.059998,-0.01561158,,169.059998
11/03/11,171.720001,0.005079235,,171.720001
11/04/11,170.850006,-0.023885645,,170.850006
11/07/11,174.979996,0.008321169,,174.979996
11/08/11,173.529999,0.008449078,,173.529999
11/09/11,172.070007,0.005419482,,172.070007
11/10/11,171.139999,-0.016343499,,171.139999
11/11/11,173.960007,0.004378449,,173.960007
11/14/2011,173.199997,-0.000923384,,173.199997
11/15/2011,173.360001,0.010728818,,173.360001
11/16/2011,171.509995,0.026049073,,171.509995
11/17/2011,167.100006,-0.003107011,,167.100006
11/18/2011,167.619995,0.024886493,,167.619995
11/21/2011,163.5,-0.011009497,,163.5
11/22/2011,165.309998,0.002907835,,165.309998
11/23/2011,164.830002,0.008713506,,164.830002
11/25/2011,163.399994,-0.01957467,,163.399994
11/28/2011,166.630005,-0.001499206,,166.630005
11/29/2011,166.880005,-0.019287859,,166.880005
11/30/2011,170.130005,0.002943256,,170.130005
12/01/11,169.630005,-0.00111947,,169.630005
12/02/11,169.820007,0.014830905,,169.820007
12/05/11,167.320007,-0.005126604,,167.320007
12/06/11,168.179993,-0.007227954,,168.179993
12/07/11,169.399994,0.020395472,,169.399994
12/08/11,165.979996,-0.002527217,,165.979996
12/09/11,166.399994,0.026859857,,166.399994
12/12/11,161.990005,0.022095569,,161.990005
12/13/2011,158.449997,0.035720365,,158.449997
12/14/2011,152.889999,0.003669469,,152.889999
12/15/2011,152.330002,-0.018858629,,152.330002
12/16/2011,155.229996,0.002321839,,155.229996
12/19/2011,154.869995,-0.01353236,,154.869995
12/20/2011,156.979996,-0.001146037,,156.979996
12/21/2011,157.160004,0.00715208,,157.160004
12/22/2011,156.039993,-0.001728862,,156.039993
12/23/2011,156.309998,0.008996873,,156.309998
12/27/2011,154.910004,0.025365843,,154.910004
12/28/2011,151.029999,0.004579117,,151.029999
12/29/2011,150.339996,-0.010915393,,150.339996
12/30/2011,151.990005,-0.02552828,,151.990005
01/03/12,155.919998,-0.005053966,,155.919998
01/04/12,156.710007,-0.006804643,,156.710007
01/05/12,157.779999,0.00368279,,157.779999
01/06/12,157.199997,0.004462851,,157.199997
01/09/12,156.5,-0.013581468,,156.5
01/10/12,158.639999,-0.006471695,,158.639999
01/11/12,159.669998,-0.004436858,,159.669998
01/12/12,160.380005,0.007007975,,160.380005
1/13/2012,159.259995,-0.007755887,,159.259995
1/17/2012,160.5,-0.006830241,,160.5
1/18/2012,161.600006,0.002354285,,161.600006
1/19/2012,161.220001,-0.005258486,,161.220001
1/20/2012,162.070007,-0.006702955,,162.070007
1/23/2012,163.160004,0.007073308,,163.160004
1/24/2012,162.009995,-0.026856671,,162.009995
1/25/2012,166.419998,-0.005094596,,166.419998
1/26/2012,167.270004,-0.010111893,,167.270004
1/27/2012,168.970001,0.005578661,,168.970001
1/30/2012,168.029999,-0.007588813,,168.029999
1/31/2012,169.309998,-0.001475492,,169.309998
02/01/12,169.559998,-0.008749094,,169.559998
02/02/12,171.050003,0.020137112,,171.050003
02/03/12,167.639999,0.002747783,,167.639999
02/06/12,167.179993,-0.01496112,,167.179993
02/07/12,169.699997,0.007096405,,169.699997
02/08/12,168.5,0.002852706,,168.5
02/09/12,168.020004,0.005251265,,168.020004
02/10/12,167.139999,-0.002211243,,167.139999
2/13/2012,167.509995,0.002330934,,167.509995
2/14/2012,167.119995,-0.005906446,,167.119995
2/15/2012,168.110001,0.000654554,,168.110001
2/16/2012,168,0.003876516,,168
2/17/2012,167.350006,-0.021693069,,167.350006
2/21/2012,171.020004,-0.011164193,,171.020004
2/22/2012,172.940002,-0.000462493,,172.940002
2/23/2012,173.020004,0.004576448,,173.020004
2/24/2012,172.229996,0.003082019,,172.229996
2/27/2012,171.699997,-0.010371239,,171.699997
2/28/2012,173.490005,0.054486873,,173.490005
2/29/2012,164.289993,-0.014022642,,164.289993
03/01/12,166.610001,0.001621896,,166.610001
03/02/12,166.339996,0.00415677,,166.339996
03/05/12,165.649994,0.017969097,,165.649994
03/06/12,162.699997,-0.005699816,,162.699997
03/07/12,163.630005,-0.010033187,,163.630005
03/08/12,165.279999,-0.00663336,,165.279999
03/09/12,166.380005,0.00790469,,166.380005
03/12/12,165.070007,0.016923176,,165.070007
3/13/2012,162.300003,0.016963752,,162.300003
3/14/2012,159.570007,-0.009418407,,159.570007
3/15/2012,161.080002,-0.001364855,,161.080002
3/16/2012,161.300003,-0.001796235,,161.300003
3/19/2012,161.589996,0.009076222,,161.589996
3/20/2012,160.130005,-0.000499482,,160.130005
3/21/2012,160.210007,0.004002757,,160.210007
3/22/2012,159.570007,-0.012208136,,159.570007
3/23/2012,161.529999,-0.017611568,,161.529999
3/26/2012,164.399994,0.007080905,,164.399994
3/27/2012,163.240005,0.010654512,,163.240005
3/28/2012,161.509995,0.001425051,,161.509995
3/29/2012,161.279999,-0.005194792,,161.279999
3/30/2012,162.119995,-0.005045276,,162.119995
04/02/12,162.940002,0.018895975,,162.940002
04/03/12,159.889999,0.016903537,,159.889999
04/04/12,157.210007,-0.006972588,,157.210007
04/05/12,158.309998,-0.006673388,,158.309998
04/09/12,159.369995,-0.010796816,,159.369995
04/10/12,161.100006,0.000186231,,161.100006
04/11/12,161.070007,-0.010068899,,161.070007
04/12/12,162.699997,0.011435705,,162.699997
4/13/2012,160.850006,0.002427557,,160.850006
4/16/2012,160.460007,0.001309638,,160.460007
4/17/2012,160.25,0.005883119,,160.25
4/18/2012,159.309998,-0.000752933,,159.309998
4/19/2012,159.429993,-0.00068972,,159.429993
4/20/2012,159.539993,0.00295023,,159.539993
4/23/2012,159.070007,-0.001444835,,159.070007
4/24/2012,159.300003,-0.002006723,,159.300003
4/25/2012,159.619995,-0.008794718,,159.619995
4/26/2012,161.029999,-0.002171187,,161.029999
4/27/2012,161.380005,-0.003093487,,161.380005
4/30/2012,161.880005,0.003465337,,161.880005
05/01/12,161.320007,0.004535505,,161.320007
05/02/12,160.589996,0.010138997,,160.589996
05/03/12,158.970001,-0.003140312,,158.970001
05/04/12,159.470001,0.00244859,,159.470001
05/07/12,159.080002,0.019551226,,159.080002
05/08/12,156,0.009856098,,156
05/09/12,154.470001,-0.001940261,,154.470001
05/10/12,154.770004,0.007848813,,154.770004
05/11/12,153.559998,0.014628461,,153.559998
5/14/2012,151.330002,0.010562406,,151.330002
5/15/2012,149.740005,0.001871645,,149.740005
5/16/2012,149.460007,-0.022101051,,149.460007
5/17/2012,152.800003,-0.011387792,,152.800003
5/18/2012,154.550003,-0.000646772,,154.550003
5/21/2012,154.649994,0.016757749,,154.649994
5/22/2012,152.080002,0.003029354,,152.080002
5/23/2012,151.619995,0.001385942,,151.619995
5/24/2012,151.410004,-0.008352767,,151.410004
5/25/2012,152.679993,0.010931877,,152.679993
5/29/2012,151.020004,-0.005875962,,151.020004
5/30/2012,151.910004,0.001910909,,151.910004
5/31/2012,151.619995,-0.038048101,,151.619995
06/01/12,157.5,0.001143466,,157.5
06/04/12,157.320007,0.001144871,,157.320007
06/05/12,157.139999,-0.000445414,,157.139999
06/06/12,157.210007,0.017388439,,157.210007
06/07/12,154.5,-0.00148754,,154.5
06/08/12,154.729996,-0.004063374,,154.729996
06/11/12,155.360001,-0.00705542,,155.360001
06/12/12,156.460007,-0.004209382,,156.460007
6/13/2012,157.119995,-0.004001689,,157.119995
6/14/2012,157.75,-0.000570335,,157.75
6/15/2012,157.839996,-0.000570016,,157.839996
6/18/2012,157.929993,0.004887432,,157.929993
6/19/2012,157.160004,0.007600733,,157.160004
6/20/2012,155.970001,0.02565157,,155.970001
6/21/2012,152.020004,-0.004070084,,152.020004
6/22/2012,152.639999,-0.007310712,,152.639999
6/25/2012,153.759995,0.007441774,,153.759995
6/26/2012,152.619995,-0.001375067,,152.619995
6/27/2012,152.830002,0.011715278,,152.830002
6/28/2012,151.050003,-0.027039258,,151.050003
6/29/2012,155.190002,0.000644618,,155.190002
07/02/12,155.089996,-0.015165934,,155.089996
07/03/12,157.460007,0.011368929,,157.460007
07/05/12,155.679993,0.012734818,,155.679993
07/06/12,153.710007,-0.002144508,,153.710007
07/09/12,154.039993,0.012345427,,154.039993
07/10/12,152.149994,-0.005505756,,152.149994
07/11/12,152.990005,0.002618033,,152.990005
07/12/12,152.589996,-0.010106714,,152.589996
7/13/2012,154.139999,-0.000454081,,154.139999
7/16/2012,154.210007,0.004810241,,154.210007
7/17/2012,153.470001,0.00274043,,153.470001
7/18/2012,153.050003,-0.00215385,,153.050003
7/19/2012,153.380005,-0.001888898,,153.380005
7/20/2012,153.669998,0.004173459,,153.669998
7/23/2012,153.029999,-0.003196904,,153.029999
7/24/2012,153.520004,-0.013907491,,153.520004
7/25/2012,155.669998,-0.007041419,,155.669998
7/26/2012,156.770004,-0.004899561,,156.770004
7/27/2012,157.539993,0.000698479,,157.539993
7/30/2012,157.429993,0.005988728,,157.429993
7/31/2012,156.490005,0.008664214,,156.490005
08/01/12,155.139999,0.006531494,,155.139999
08/02/12,154.130005,-0.009170808,,154.130005
08/03/12,155.550003,-0.004810014,,155.550003
08/06/12,156.300003,0.000127993,,156.300003
08/07/12,156.279999,-0.001278917,,156.279999
08/08/12,156.479996,-0.00325396,,156.479996
08/09/12,156.990005,-0.00120946,,156.990005
08/10/12,157.179993,0.007599666,,157.179993
8/13/2012,155.990005,0.005528427,,155.990005
8/14/2012,155.130005,-0.00321792,,155.130005
8/15/2012,155.630005,-0.005957883,,155.630005
8/16/2012,156.559998,-0.00102147,,156.559998
8/17/2012,156.720001,-0.003439675,,156.720001
8/20/2012,157.259995,-0.009934006,,157.259995
8/21/2012,158.830002,-0.010708629,,158.830002
8/22/2012,160.539993,-0.008373997,,160.539993
8/23/2012,161.889999,-0.000494053,,161.889999
8/24/2012,161.970001,0.003773239,,161.970001
8/27/2012,161.360001,-0.001733734,,161.360001
8/28/2012,161.639999,0.006517126,,161.639999
8/29/2012,160.589996,0.000435938,,160.589996
8/30/2012,160.520004,-0.022788428,,160.520004
8/31/2012,164.220001,-0.00158196,,164.220001
09/04/12,164.479996,0.001034083,,164.479996
09/05/12,164.309998,-0.003523704,,164.309998
09/06/12,164.889999,-0.021301036,,164.889999
09/07/12,168.440002,0.006850824,,168.440002
09/10/12,167.289993,-0.003639737,,167.289993
09/11/12,167.899994,-0.000119135,,167.899994
09/12/12,167.919998,-0.019987105,,167.919998
9/13/2012,171.309998,-0.002856258,,171.309998
9/14/2012,171.800003,0.008182448,,171.800003
9/17/2012,170.399994,-0.00771667,,170.399994
9/18/2012,171.720001,-0.000116485,,171.720001
9/19/2012,171.740005,0.001573404,,171.740005
9/20/2012,171.470001,-0.002853602,,171.470001
9/21/2012,171.960007,0.005306003,,171.960007
9/24/2012,171.050003,0.001638284,,171.050003
9/25/2012,170.770004,0.005637492,,170.770004
9/26/2012,169.809998,-0.014789093,,169.809998
9/27/2012,172.339996,0.002614515,,172.339996
9/28/2012,171.889999,-0.002324331,,171.889999
10/01/12,172.289993,0.001103325,,172.289993
10/02/12,172.100006,-0.001799646,,172.100006
10/03/12,172.410004,-0.006936026,,172.410004
10/04/12,173.610001,0.005718792,,173.610001
10/05/12,172.619995,0.003307468,,172.619995
10/08/12,172.050003,0.006180045,,172.050003
10/09/12,170.990005,0.000877682,,170.990005
10/10/12,170.839996,-0.002805771,,170.839996
10/11/12,171.320007,0.007381889,,171.320007
10/12/12,170.059998,0.010106123,,170.059998
10/15/2012,168.350006,-0.006335646,,168.350006
10/16/2012,169.419998,-0.000708019,,169.419998
10/17/2012,169.539993,0.004433549,,169.539993
10/18/2012,168.789993,0.010841136,,168.789993
10/19/2012,166.970001,-0.0036467,,166.970001
10/22/2012,167.580002,0.012912759,,167.580002
10/23/2012,165.429993,0.003451467,,165.429993
10/24/2012,164.860001,-0.007011652,,164.860001
10/25/2012,166.020004,0.000542317,,166.020004
10/26/2012,165.929993,-0.005409371,,165.929993
10/31/2012,166.830002,0.004565913,,166.830002
11/01/12,166.070007,0.021116194,,166.070007
11/02/12,162.600006,-0.003866991,,162.600006
11/05/12,163.229996,-0.01863318,,163.229996
11/06/12,166.300003,-0.001141873,,166.300003
11/07/12,166.490005,-0.008969206,,166.490005
11/08/12,167.990005,0.001012465,,167.990005
11/09/12,167.820007,0.002207237,,167.820007
11/12/12,167.449997,0.00209231,,167.449997
11/13/2012,167.100006,-0.000239307,,167.100006
11/14/2012,167.139999,0.006301993,,167.139999
11/15/2012,166.089996,0.001265121,,166.089996
11/16/2012,165.880005,-0.011925175,,165.880005
11/19/2012,167.869995,0.002863427,,167.869995
11/20/2012,167.389999,-0.001015071,,167.389999
11/21/2012,167.559998,-0.012160206,,167.559998
11/23/2012,169.610001,0.001061869,,169.610001
11/26/2012,169.429993,0.004258515,,169.429993
11/27/2012,168.710007,0.012885723,,168.710007
11/28/2012,166.550003,-0.003775452,,166.550003
11/29/2012,167.179993,0.006782069,,167.179993
11/30/2012,166.050003,-0.000481679,,166.050003
12/03/12,166.130005,0.010346527,,166.130005
12/04/12,164.419998,0.00182628,,164.419998
12/05/12,164.119995,-0.002312733,,164.119995
12/06/12,164.5,-0.004004155,,164.5
12/07/12,165.160004,-0.003867536,,165.160004
12/10/12,165.800003,0.000905168,,165.800003
12/11/12,165.649994,-0.000724217,,165.649994
12/12/12,165.770004,0.008481356,,165.770004
12/13/2012,164.369995,0.001461127,,164.369995
12/14/2012,164.130005,-0.001886947,,164.130005
12/17/2012,164.440002,0.014455721,,164.440002
12/18/2012,162.080002,0.002409119,,162.080002
12/19/2012,161.690002,0.012196069,,161.690002
12/20/2012,159.729996,-0.003749339,,159.729996
12/21/2012,160.330002,-0.001807092,,160.330002
12/24/2012,160.619995,-0.000995669,,160.619995
12/26/2012,160.779999,-0.00236072,,160.779999
12/27/2012,161.160004,0.003854596,,161.160004
12/28/2012,160.539993,-0.00917672,,160.539993
12/31/2012,162.020004,-0.007072781,,162.020004
01/02/13,163.169998,0.012146778,,163.169998
01/03/13,161.199997,0.004725758,,161.199997
01/04/13,160.440002,0.006315143,,160.440002
01/07/13,159.429993,-0.007062782,,159.429993
01/08/13,160.559998,0.000436026,,160.559998
01/09/13,160.490005,-0.00924118,,160.490005
01/10/13,161.979996,0.005695892,,161.979996
01/11/13,161.059998,-0.002975793,,161.059998
1/14/2013,161.539993,-0.006294405,,161.539993
1/15/2013,162.559998,-0.000553464,,162.559998
1/16/2013,162.649994,-0.004294559,,162.649994
1/17/2013,163.350006,0.001593004,,163.350006
1/18/2013,163.089996,-0.003550022,,163.089996
1/22/2013,163.669998,0.002814435,,163.669998
1/23/2013,163.210007,0.011028107,,163.210007
1/24/2013,161.419998,0.004781603,,161.419998
1/25/2013,160.649994,0.002243417,,160.649994
1/28/2013,160.289993,-0.004357651,,160.289993
1/29/2013,160.990005,-0.007426218,,160.990005
1/30/2013,162.190002,0.006122688,,162.190002
1/31/2013,161.199997,-0.001549667,,161.199997
02/01/13,161.449997,-0.003400857,,161.449997
02/04/13,162,0.000246901,,162
02/05/13,161.960007,-0.002651409,,161.960007
02/06/13,162.389999,0.003392675,,162.389999
02/07/13,161.839996,0.00166964,,161.839996
02/08/13,161.570007,0.011641492,,161.570007
02/11/13,159.699997,-0.001189036,,159.699997
02/12/13,159.889999,0.005267435,,159.889999
2/13/2013,159.050003,0.004410826,,159.050003
2/14/2013,158.350006,0.016491482,,158.350006
2/15/2013,155.759995,0.00276443,,155.759995
2/19/2013,155.330002,0.025362379,,155.330002
2/20/2013,151.440002,-0.007761619,,151.440002
2/21/2013,152.619995,-0.002290691,,152.619995
2/22/2013,152.970001,-0.008916105,,152.970001
2/25/2013,154.339996,-0.012107341,,154.339996
2/26/2013,156.220001,0.010618163,,156.220001
2/27/2013,154.570007,0.010209192,,154.570007
2/28/2013,153,0.003666832,,153
03/01/13,152.440002,0.00091881,,152.440002
03/04/13,152.300003,-0.000525154,,152.300003
03/05/13,152.380005,-0.005562601,,152.380005
03/06/13,153.229996,0.003530299,,153.229996
03/07/13,152.690002,-0.000131009,,152.690002
03/08/13,152.710007,-0.001831849,,152.710007
03/11/13,152.990005,-0.007813029,,152.990005
03/12/13,154.190002,0.003443226,,154.190002
3/13/2013,153.660004,-0.000130077,,153.660004
3/14/2013,153.679993,-0.00208013,,153.679993
3/15/2013,154,-0.008921159,,154
3/18/2013,155.380005,-0.004494947,,155.380005
3/19/2013,156.080002,0.004559372,,156.080002
3/20/2013,155.369995,-0.005647952,,155.369995
3/21/2013,156.25,0.004490046,,156.25
3/22/2013,155.550003,0.001994904,,155.550003
3/25/2013,155.240005,0.003355301,,155.240005
3/26/2013,154.720001,-0.004127973,,154.720001
3/27/2013,155.360001,0.005874611,,155.360001
3/28/2013,154.449997,-0.001423402,,154.449997
04/01/13,154.669998,0.014588374,,154.669998
04/02/13,152.429993,0.011215298,,152.429993
04/03/13,150.729996,0.002923416,,150.729996
04/04/13,150.289993,-0.016628592,,150.289993
04/05/13,152.809998,0.004262681,,152.809998
04/08/13,152.160004,-0.007725027,,152.160004
04/09/13,153.339996,0.017034816,,153.339996
04/10/13,150.75,-0.001988092,,150.75
04/11/13,151.050003,0.048144931,,151.050003
04/12/13,143.949997,0.091905072,,143.949997
4/15/2013,131.309998,-0.011283335,,131.309998
4/16/2013,132.800003,-0.000526909,,132.800003
4/17/2013,132.869995,-0.010704957,,132.869995
4/18/2013,134.300003,-0.008674095,,134.300003
4/19/2013,135.470001,-0.01777852,,135.470001
4/22/2013,137.899994,0.007424075,,137.899994
4/23/2013,136.880005,-0.010826554,,136.880005
4/24/2013,138.369995,-0.023286838,,138.369995
4/25/2013,141.630005,0.005096641,,141.630005
4/26/2013,140.910004,-0.009816109,,140.910004
4/29/2013,142.300003,-0.003297446,,142.300003
4/30/2013,142.770004,0.011695237,,142.770004
05/01/13,141.110001,-0.005723769,,141.110001
05/02/13,141.919998,-0.001197127,,141.919998
05/03/13,142.089996,-0.000422164,,142.089996
05/06/13,142.149994,0.012529729,,142.149994
05/07/13,140.380005,-0.014708241,,140.380005
05/08/13,142.460007,0.011649858,,142.460007
05/09/13,140.809998,0.008630216,,140.809998
05/10/13,139.600006,0.008416501,,139.600006
5/13/2013,138.429993,0.004488822,,138.429993
5/14/2013,137.809998,0.023345598,,137.809998
5/15/2013,134.630005,0.004019126,,134.630005
5/16/2013,134.089996,0.022779601,,134.089996
5/17/2013,131.070007,-0.03043165,,131.070007
5/20/2013,135.119995,0.016716733,,135.119995
5/21/2013,132.880005,0.007099214,,132.880005
5/22/2013,131.940002,-0.020034427,,131.940002
5/23/2013,134.610001,0.006334604,,134.610001
5/24/2013,133.759995,0.002020506,,133.759995
5/28/2013,133.490005,-0.009988134,,133.490005
5/29/2013,134.830002,-0.013773981,,134.830002
5/30/2013,136.699997,0.02054613,,136.699997
5/31/2013,133.919998,-0.019155244,,133.919998
06/03/13,136.509995,0.009420832,,136.509995
06/04/13,135.229996,-0.002142258,,135.229996
06/05/13,135.520004,-0.007425103,,135.520004
06/06/13,136.529999,0.024092192,,136.529999
06/07/13,133.279999,-0.004939782,,133.279999
06/10/13,133.940002,0.00516489,,133.940002
06/11/13,133.25,-0.00747667,,133.25
06/12/13,134.25,0.003806079,,134.25
6/13/2013,133.740005,-0.005145911,,133.740005
6/14/2013,134.429993,0.004921628,,134.429993
6/17/2013,133.770004,0.012335613,,133.770004
6/18/2013,132.130005,0.011723711,,132.130005
6/19/2013,130.589996,0.055012085,,130.589996
6/20/2013,123.599998,-0.011663152,,123.599998
6/21/2013,125.050003,0.008996791,,125.050003
6/24/2013,123.93,0.00371867,,123.93
6/25/2013,123.470001,0.042943533,,123.470001
6/26/2013,118.279999,0.019981853,,118.279999
6/27/2013,115.940002,-0.026974611,,115.940002
6/28/2013,119.110001,-0.01681688,,119.110001
07/01/13,121.129997,0.008955977,,121.129997
07/02/13,120.050003,-0.005731109,,120.050003
07/03/13,120.739998,0.022192445,,120.739998
07/05/13,118.089996,-0.011953055,,118.089996
07/08/13,119.510002,-0.009245066,,119.510002
07/09/13,120.620003,-0.002732079,,120.620003
07/10/13,120.949997,-0.02683795,,120.949997
07/11/13,124.239998,0.000885783,,124.239998
07/12/13,124.129997,-0.000402747,,124.129997
7/15/2013,124.18,-0.005701216,,124.18
7/16/2013,124.889999,0.012650739,,124.889999
7/17/2013,123.32,-0.005579621,,123.32
7/18/2013,124.010002,-0.008831135,,124.010002
7/19/2013,125.110001,-0.029377935,,125.110001
7/22/2013,128.839996,-0.00672995,,128.839996
7/23/2013,129.710007,0.01734173,,129.710007
7/24/2013,127.480003,-0.009291459,,127.480003
7/25/2013,128.669998,-0.000854543,,128.669998
7/26/2013,128.779999,0.002410093,,128.779999
7/29/2013,128.470001,0.002728136,,128.470001
7/30/2013,128.119995,0.001249578,,128.119995
7/31/2013,127.959999,0.010606204,,127.959999
08/01/13,126.610001,0.00197652,,126.610001
08/02/13,126.360001,0.005236892,,126.360001
08/05/13,125.699997,0.013858483,,125.699997
08/06/13,123.970001,-0.001450919,,123.970001
08/07/13,124.150002,-0.021593596,,124.150002
08/08/13,126.860001,0,,126.860001
08/09/13,126.860001,-0.017735563,,126.860001
08/12/13,129.130005,0.010822755,,129.130005
8/13/2013,127.739998,-0.009815472,,127.739998
8/14/2013,129,-0.020638287,,129
8/15/2013,131.690002,-0.006735561,,131.690002
8/16/2013,132.580002,0.004308612,,132.580002
8/19/2013,132.009995,-0.003327554,,132.009995
8/20/2013,132.449997,0.002873055,,132.449997
8/21/2013,132.070007,-0.005587382,,132.070007
8/22/2013,132.809998,-0.015614198,,132.809998
8/23/2013,134.899994,-0.004068828,,134.899994
8/26/2013,135.449997,-0.009551895,,135.449997
8/27/2013,136.75,0.000292496,,136.75
8/28/2013,136.710007,0.006163436,,136.710007
8/29/2013,135.869995,0.009242552,,135.869995
8/30/2013,134.619995,-0.01328239,,134.619995
09/03/13,136.419998,0.012985235,,136.419998
09/04/13,134.660004,0.018437208,,134.660004
09/05/13,132.199997,-0.014642627,,132.199997
09/06/13,134.149994,0.00179057,,134.149994
09/09/13,133.910004,0.016337641,,133.910004
09/10/13,131.740005,0.000303735,,131.740005
09/11/13,131.699997,0.031077792,,131.699997
09/12/13,127.669998,-0.00117423,,127.669998
9/13/2013,127.82,0.010776075,,127.82
9/16/2013,126.449997,-0.000395359,,126.449997
9/17/2013,126.5,-0.042635331,,126.5
9/18/2013,132.009995,0.001971452,,132.009995
9/19/2013,131.75,0.02918848,,131.75
9/20/2013,127.959999,0.003209239,,127.959999
9/23/2013,127.550003,-0.000862043,,127.550003
9/24/2013,127.660004,-0.008812605,,127.660004
9/25/2013,128.789993,0.007794817,,128.789993
9/26/2013,127.790001,-0.009191527,,127.790001
9/27/2013,128.970001,0.006144355,,128.970001
9/30/2013,128.179993,0.028407157,,128.179993
10/01/13,124.589996,-0.019631086,,124.589996
10/02/13,127.059998,-0.000944006,,127.059998
10/03/13,127.18,0.00512398,,127.18
10/04/13,126.529999,-0.008734367,,126.529999
10/07/13,127.639999,0.001882035,,127.639999
10/08/13,127.400002,0.010177209,,127.400002
10/09/13,126.110001,0.014697956,,126.110001
10/10/13,124.269997,0.013529586,,124.269997
10/11/13,122.599998,-0.001874295,,122.599998
10/14/2013,122.830002,-0.007300495,,122.830002
10/15/2013,123.730003,0.001536798,,123.730003
10/16/2013,123.540001,-0.030923703,,123.540001
10/17/2013,127.419998,0.004483431,,127.419998
10/18/2013,126.849998,-0.001024347,,126.849998
10/21/2013,126.980003,-0.018414948,,126.980003
10/22/2013,129.339996,0.005038138,,129.339996
10/23/2013,128.690002,-0.00935845,,128.690002
10/24/2013,129.899994,-0.004301843,,129.899994
10/25/2013,130.460007,-0.000766156,,130.460007
10/28/2013,130.559998,0.006069192,,130.559998
10/29/2013,129.770004,0.001310853,,129.770004
10/30/2013,129.600006,0.014455898,,129.600006
10/31/2013,127.739998,0.006203648,,127.739998
11/01/13,126.949997,0.001103397,,126.949997
11/04/13,126.809998,0.001973399,,126.809998
11/05/13,126.559998,-0.005044139,,126.559998
11/06/13,127.199997,0.008209653,,127.199997
11/07/13,126.160004,0.015013898,,126.160004
11/08/13,124.279999,0.003304424,,124.279999
11/11/13,123.870003,0.011529894,,123.870003
11/12/13,122.449997,-0.003261324,,122.449997
11/13/2013,122.849998,-0.011492511,,122.849998
11/14/2013,124.269997,,,124.269997
,,,predicted value ==E2265*EXP($D$11+$D$9*NORM.S.INV(RAND())),124.3065713
,,,,127.556903
,,,,128.595738
,,,,129.7945984
,,,,129.2685617
,,,,128.177819
,,,,125.0906262
,,,,127.8956461
,,,,129.2695098
,,,,129.1962006
,,,,130.0678631
,,,,128.3286348
,,,,126.5325159
,,,,126.9185209